X0Y16,W_IO,0,16
frame0,0,32,11101001110100000000000000000000
frame1,1,32,00000000000000000000000000000000
frame2,2,32,00000000000000000000000000000000
frame3,3,32,00000000000000000000000000000000
frame4,4,32,00000000000000000000000000000000
frame5,5,32,00000000000000000000000000000000
frame6,6,32,00000000000000000000000000000000
frame7,7,32,00000000000000000000000000000000
frame8,8,32,00000000000000000000000000000000
frame9,9,32,00000000000000000000000000000000
frame10,10,32,00000000000000000000000000000000
frame11,11,32,00000000000000000000000000000000
frame12,12,32,00000000000000000000000000000000
frame13,13,32,00000000000000000000000000000000
frame14,14,32,00000000000000000000000000000000
frame15,15,32,00000000000000000000000000000000
frame16,16,32,00000000000000000000000000000000
frame17,17,32,00000000000000000000000000000000
frame18,18,32,00000000000000000000000000000000
frame19,19,32,00000000000000000000000000000000

X1Y16,LUT4AB,1,16
frame0,0,32,00000000000000000000000000000000
frame1,1,32,00000001000000000000000000000000
frame2,2,32,00000000000000000000000000000000
frame3,3,32,00000000000000000000000000000000
frame4,4,32,00000000000000000000000000000000
frame5,5,32,00000000000000000000000000000000
frame6,6,32,00000000000000000000000000000000
frame7,7,32,00000000000000000000000000000000
frame8,8,32,00000000000000000000000000000000
frame9,9,32,00000000000000000000000000000000
frame10,10,32,00000000000000000000000000000000
frame11,11,32,00000000000000000000000000000000
frame12,12,32,00000000000000000000000000000000
frame13,13,32,00000000000000000000000000000000
frame14,14,32,00000000000000000000000000000000
frame15,15,32,00000000000000000000000000000000
frame16,16,32,00000000000000000000000000000000
frame17,17,32,00000000000000000000000000000000
frame18,18,32,00000000000000000000000000000000
frame19,19,32,00000000000000000000000000000000

X2Y16,LUT4AB,2,16
frame0,0,32,00000000000000000000000000000000
frame1,1,32,00000000000000000000000000000000
frame2,2,32,00000000000000000000000000000000
frame3,3,32,00000000000000000000000000000000
frame4,4,32,00000000000000000000000000000000
frame5,5,32,00000000000000000000000000000000
frame6,6,32,00000000000000000000000000000000
frame7,7,32,00000000000000000000000000000000
frame8,8,32,00000000000000000000000000000000
frame9,9,32,00000000000000000000000000000000
frame10,10,32,00000000000000000000000000000000
frame11,11,32,00000000000000000000000000000000
frame12,12,32,00000000000000000000000000000000
frame13,13,32,00000000000000000000000000000000
frame14,14,32,00000000000000000000000000000000
frame15,15,32,00000000000000000000000000000000
frame16,16,32,00000000000000000000000000000000
frame17,17,32,00000000000000000000000000000000
frame18,18,32,00000000000000000000000000000000
frame19,19,32,00000000000000000000000000000000

X3Y16,RegFile,3,16
frame0,0,32,00000000000000000000000000000000
frame1,1,32,00000000000000000000000000000000
frame2,2,32,00000000000000000000000000000000
frame3,3,32,00000000000000000000000000000000
frame4,4,32,00000000000000000000000000000000
frame5,5,32,00000000000000000000000000000000
frame6,6,32,00000000000000000000000000000000
frame7,7,32,00000000000000000000000000000000
frame8,8,32,00000000000000000000000000000000
frame9,9,32,00000000000000000000000000000000
frame10,10,32,00000000000000000000000000000000
frame11,11,32,00000000000000000000000000000000
frame12,12,32,00000000000000000000000000000000
frame13,13,32,00000000000000000000000000000000
frame14,14,32,00000000000000000000000000000000
frame15,15,32,00000000000000000000000000000000
frame16,16,32,00000000000000000000000000000000
frame17,17,32,00000000000000000000000000000000
frame18,18,32,00000000000000000000000000000000
frame19,19,32,00000000000000000000000000000000

X4Y16,LUT4AB,4,16
frame0,0,32,00000000000000000000000000000000
frame1,1,32,00000000000000000000000000000000
frame2,2,32,00000000000000000000000000000000
frame3,3,32,00000000000000000000000000000000
frame4,4,32,00000000000000000000000000000000
frame5,5,32,00000000000000000000000000000000
frame6,6,32,00000000000000000000000000000000
frame7,7,32,00000000000000000000000000000000
frame8,8,32,00000000000000000000000000000000
frame9,9,32,00000000000000000000000000000000
frame10,10,32,00000000000000000000000000000000
frame11,11,32,00000000000000000000000000000000
frame12,12,32,00000000000000000000000000000000
frame13,13,32,00000000000000000000000000000000
frame14,14,32,00000000000000000000000000000000
frame15,15,32,00000000000000000000000000000000
frame16,16,32,00000000000000000000000000000000
frame17,17,32,00000000000000000000000000000000
frame18,18,32,00000000000000000000000000000000
frame19,19,32,00000000000000000000000000000000

X5Y16,LUT4AB,5,16
frame0,0,32,00000000000000000000000000000000
frame1,1,32,00000000000000000000000000000000
frame2,2,32,00000000000000000000000000000000
frame3,3,32,00000000000000000000000000000000
frame4,4,32,00000000000000000000000000000000
frame5,5,32,00000000000000000000000000000000
frame6,6,32,00000000000000000000000000000000
frame7,7,32,00000000000000000000000000000000
frame8,8,32,00000000000000000000000000000000
frame9,9,32,00000000000000000000000000000000
frame10,10,32,00000000000000000000000000000000
frame11,11,32,00000000000000000000000000000000
frame12,12,32,00000000000000000000000000000000
frame13,13,32,00000000000000000000000000000000
frame14,14,32,00000000000000000000000000000000
frame15,15,32,00000000000000000000000000000000
frame16,16,32,00000000000000000000000000000000
frame17,17,32,00000000000000000000000000000000
frame18,18,32,00000000000000000000000000000000
frame19,19,32,00000000000000000000000000000000

X6Y16,LUT4AB,6,16
frame0,0,32,00000000000000000000000000000000
frame1,1,32,00000000000000000000000000000000
frame2,2,32,00000000000000000000000000000000
frame3,3,32,00000000000000000000000000000000
frame4,4,32,00000000000000000000000000000000
frame5,5,32,00000000000000000000000000000000
frame6,6,32,00000000000000000000000000000000
frame7,7,32,00000000000000000000000000000000
frame8,8,32,00000000000000000000000000000000
frame9,9,32,00000000000000000000000000000000
frame10,10,32,00000000000000000000000000000000
frame11,11,32,00000000000000000000000000000000
frame12,12,32,00000000000000000000000000000000
frame13,13,32,00000000000000000000000000000000
frame14,14,32,00000000000000000000000000000000
frame15,15,32,00000000000000000000000000000000
frame16,16,32,00000000000000000000000000000000
frame17,17,32,00000000000000000000000000000000
frame18,18,32,00000000000000000000000000000000
frame19,19,32,00000000000000000000000000000000

X7Y16,DSP_bot,7,16
frame0,0,32,00000000000000000000000000000000
frame1,1,32,00000000000000000000000000000000
frame2,2,32,00000000000000000000000000000000
frame3,3,32,00000000000000000000000000000000
frame4,4,32,00000000000000000000000000000000
frame5,5,32,00000000000000000000000000000000
frame6,6,32,00000000000000000000000000000000
frame7,7,32,00000000000000000000000000000000
frame8,8,32,00000000000000000000000000000000
frame9,9,32,00000000000000000000000000000000
frame10,10,32,00000000000000000000000000000000
frame11,11,32,00000000000000000000000000000000
frame12,12,32,00000000000000000000000000000000
frame13,13,32,00000000000000000000000000000000
frame14,14,32,00000000000000000000000000000000
frame15,15,32,00000000000000000000000000000000
frame16,16,32,00000000000000000000000000000000
frame17,17,32,00000000000000000000000000000000
frame18,18,32,00000000000000000000000000000000
frame19,19,32,00000000000000000000000000000000

X8Y16,LUT4AB,8,16
frame0,0,32,00000000000000000000000000000000
frame1,1,32,00000000000000000000000000000000
frame2,2,32,00000000000000000000000000000000
frame3,3,32,00000000000000000000000000000000
frame4,4,32,00000000000000000000000000000000
frame5,5,32,00000000000000000000000000000000
frame6,6,32,00000000000000000000000000000000
frame7,7,32,00000000000000000000000000000000
frame8,8,32,00000000000000000000000000000000
frame9,9,32,00000000000000000000000000000000
frame10,10,32,00000000000000000000000000000000
frame11,11,32,00000000000000000000000000000000
frame12,12,32,00000000000000000000000000000000
frame13,13,32,00000000000000000000000000000000
frame14,14,32,00000000000000000000000000000000
frame15,15,32,00000000000000000000000000000000
frame16,16,32,00000000000000000000000000000000
frame17,17,32,00000000000000000000000000000000
frame18,18,32,00000000000000000000000000000000
frame19,19,32,00000000000000000000000000000000

X9Y16,LUT4AB,9,16
frame0,0,32,00000000000000000000000000000000
frame1,1,32,00000000000000000000000000000000
frame2,2,32,00000000000000000000000000000000
frame3,3,32,00000000000000000000000000000000
frame4,4,32,00000000000000000000000000000000
frame5,5,32,00000000000000000000000000000000
frame6,6,32,00000000000000000000000000000000
frame7,7,32,00000000000000000000000000000000
frame8,8,32,00000000000000000000000000000000
frame9,9,32,00000000000000000000000000000000
frame10,10,32,00000000000000000000000000000000
frame11,11,32,00000000000000000000000000000000
frame12,12,32,00000000000000000000000000000000
frame13,13,32,00000000000000000000000000000000
frame14,14,32,00000000000000000000000000000000
frame15,15,32,00000000000000000000000000000000
frame16,16,32,00000000000000000000000000000000
frame17,17,32,00000000000000000000000000000000
frame18,18,32,00000000000000000000000000000000
frame19,19,32,00000000000000000000000000000000

X10Y16,RAM_IO,10,16
frame0,0,32,00000000000000000000000000000000
frame1,1,32,00000000000000000000000000000000
frame2,2,32,00000000000000000000000000000000
frame3,3,32,00000000000000000000000000000000
frame4,4,32,00000000000000000000000000000000
frame5,5,32,00000000000000000000000000000000
frame6,6,32,00000000000000000000000000000000
frame7,7,32,00000000000000000000000000000000
frame8,8,32,00000000000000000000000000000000
frame9,9,32,00000000000000000000000000000000
frame10,10,32,00000000000000000000000000000000
frame11,11,32,00000000000000000000000000000000
frame12,12,32,00000000000000000000000000000000
frame13,13,32,00000000000000000000000000000000
frame14,14,32,00000000000000000000000000000000
frame15,15,32,00000000000000000000000000000000
frame16,16,32,00000000000000000000000000000000
frame17,17,32,00000000000000000000000000000000
frame18,18,32,00000000000000000000000000000000
frame19,19,32,00000000000000000000000000000000

X0Y15,W_IO,0,15
frame0,0,32,11100101110010000000000000000000
frame1,1,32,00000000000000000000000000000000
frame2,2,32,00000000000000000000000000000000
frame3,3,32,00000000000000000000000000000000
frame4,4,32,00000000000000000000000000000000
frame5,5,32,00000000000000000000000000000000
frame6,6,32,00000000000000000000000000000000
frame7,7,32,00000000000000000000000000000000
frame8,8,32,00000000000000000000000000000000
frame9,9,32,00000000000000000000000000000000
frame10,10,32,00000000000000000000000000000000
frame11,11,32,00000000000000000000000000000000
frame12,12,32,00000000000000000000000000000000
frame13,13,32,00000000000000000000000000000000
frame14,14,32,00000000000000000000000000000000
frame15,15,32,00000000000000000000000000000000
frame16,16,32,00000000000000000000000000000000
frame17,17,32,00000000000000000000000000000000
frame18,18,32,00000000000000000000000000000000
frame19,19,32,00000000000000000000000000000000

X1Y15,LUT4AB,1,15
frame0,0,32,00000000000000000000000000000000
frame1,1,32,00000000000000000000000000000000
frame2,2,32,00000000000000000000000000000000
frame3,3,32,00000000000000000000000000000000
frame4,4,32,00000000000000000000000000000000
frame5,5,32,00000000000000000000000000000000
frame6,6,32,00000000000000000000000000000000
frame7,7,32,00000000000000000000000000000000
frame8,8,32,00000000000000000010000000000000
frame9,9,32,00000000000001000000000000000000
frame10,10,32,00000000000000000001000000000000
frame11,11,32,00000000000000000000000000000000
frame12,12,32,00000000000000000000000000000000
frame13,13,32,00000000000000000000000000000000
frame14,14,32,00000000000000000000000000000000
frame15,15,32,00000000000000000000000000000000
frame16,16,32,00000000000000000000000000000000
frame17,17,32,00000000000000000000000000000000
frame18,18,32,00000000000000000000000000000000
frame19,19,32,00000000000000000000000000000000

X2Y15,LUT4AB,2,15
frame0,0,32,00000000000000000000000000000000
frame1,1,32,00000000000000000000000000000000
frame2,2,32,00000000000000000000000000000000
frame3,3,32,00000000000000000000000000000000
frame4,4,32,00000000000000000000000000000000
frame5,5,32,00000000000000000000000000000000
frame6,6,32,00000000000000000000000000000000
frame7,7,32,00000000000000000000000000000000
frame8,8,32,00000000000000000000000000000000
frame9,9,32,00000000000000000000000000000000
frame10,10,32,00000000000000000000000000000000
frame11,11,32,00000000000000000000000000000000
frame12,12,32,00000000000000000000000000000000
frame13,13,32,00000000000000000000000000000000
frame14,14,32,00000000000000000000000000000000
frame15,15,32,00000000000000000000000000000000
frame16,16,32,00000000000000000000000000000000
frame17,17,32,00000000000000000000000000000000
frame18,18,32,00000000000000000000000000000000
frame19,19,32,00000000000000000000000000000000

X3Y15,RegFile,3,15
frame0,0,32,00000000000000000000000000000000
frame1,1,32,00000000000000000000000000000000
frame2,2,32,00000000000000000000000000000000
frame3,3,32,00000000000000000000000000000000
frame4,4,32,00000000000000000000000000000000
frame5,5,32,00000000000000000000000000000000
frame6,6,32,00000000000000000000000000000000
frame7,7,32,00000000000000000000000000000000
frame8,8,32,00000000000000000000000000000000
frame9,9,32,00000000000000000000000000000000
frame10,10,32,00000000000000000000000000000000
frame11,11,32,00000000000000000000000000000000
frame12,12,32,00000000000000000000000000000000
frame13,13,32,00000000000000000000000000000000
frame14,14,32,00000000000000000000000000000000
frame15,15,32,00000000000000000000000000000000
frame16,16,32,00000000000000000000000000000000
frame17,17,32,00000000000000000000000000000000
frame18,18,32,00000000000000000000000000000000
frame19,19,32,00000000000000000000000000000000

X4Y15,LUT4AB,4,15
frame0,0,32,00000000000000000000000000000000
frame1,1,32,00000000000000000000000000000000
frame2,2,32,00000000000000000000000000000000
frame3,3,32,00000000000000000000000000000000
frame4,4,32,00000000000000000000000000000000
frame5,5,32,00000000000000000000000000000000
frame6,6,32,00000000000000000000000000000000
frame7,7,32,00000000000000000000000000000000
frame8,8,32,00000000000000000000000000000000
frame9,9,32,00000000000000000000000000000000
frame10,10,32,00000000000000000000000000000000
frame11,11,32,00000000000000000000000000000000
frame12,12,32,00000000000000000000000000000000
frame13,13,32,00000000000000000000000000000000
frame14,14,32,00000000000000000000000000000000
frame15,15,32,00000000000000000000000000000000
frame16,16,32,00000000000000000000000000000000
frame17,17,32,00000000000000000000000000000000
frame18,18,32,00000000000000000000000000000000
frame19,19,32,00000000000000000000000000000000

X5Y15,LUT4AB,5,15
frame0,0,32,00000000000000000000000000000000
frame1,1,32,00000000000000000000000000000000
frame2,2,32,00000000000000000000000000000000
frame3,3,32,00000000000000000000000000000000
frame4,4,32,00000000000000000000000000000000
frame5,5,32,00000000000000000000000000000000
frame6,6,32,00000000000000000000000000000000
frame7,7,32,00000000000000000000000000000000
frame8,8,32,00000000000000000000000000000000
frame9,9,32,00000000000000000000000000000000
frame10,10,32,00000000000000000000000000000000
frame11,11,32,00000000000000000000000000000000
frame12,12,32,00000000000000000000000000000000
frame13,13,32,00000000000000000000000000000000
frame14,14,32,00000000000000000000000000000000
frame15,15,32,00000000000000000000000000000000
frame16,16,32,00000000000000000000000000000000
frame17,17,32,00000000000000000000000000000000
frame18,18,32,00000000000000000000000000000000
frame19,19,32,00000000000000000000000000000000

X6Y15,LUT4AB,6,15
frame0,0,32,00000000000000000000000000000000
frame1,1,32,00000000000000000000000000000000
frame2,2,32,00000000000000000000000000000000
frame3,3,32,00000000000000000000000000000000
frame4,4,32,00000000000000000000000000000000
frame5,5,32,00000000000000000000000000000000
frame6,6,32,00000000000000000000000000000000
frame7,7,32,00000000000000000000000000000000
frame8,8,32,00000000000000000000000000000000
frame9,9,32,00000000000000000000000000000000
frame10,10,32,00000000000000000000000000000000
frame11,11,32,00000000000000000000000000000000
frame12,12,32,00000000000000000000000000000000
frame13,13,32,00000000000000000000000000000000
frame14,14,32,00000000000000000000000000000000
frame15,15,32,00000000000000000000000000000000
frame16,16,32,00000000000000000000000000000000
frame17,17,32,00000000000000000000000000000000
frame18,18,32,00000000000000000000000000000000
frame19,19,32,00000000000000000000000000000000

X7Y15,DSP_top,7,15
frame0,0,32,00000000000000000000000000000000
frame1,1,32,00000000000000000000000000000000
frame2,2,32,00000000000000000000000000000000
frame3,3,32,00000000000000000000000000000000
frame4,4,32,00000000000000000000000000000000
frame5,5,32,00000000000000000000000000000000
frame6,6,32,00000000000000000000000000000000
frame7,7,32,00000000000000000000000000000000
frame8,8,32,00000000000000000000000000000000
frame9,9,32,00000000000000000000000000000000
frame10,10,32,00000000000000000000000000000000
frame11,11,32,00000000000000000000000000000000
frame12,12,32,00000000000000000000000000000000
frame13,13,32,00000000000000000000000000000000
frame14,14,32,00000000000000000000000000000000
frame15,15,32,00000000000000000000000000000000
frame16,16,32,00000000000000000000000000000000
frame17,17,32,00000000000000000000000000000000
frame18,18,32,00000000000000000000000000000000
frame19,19,32,00000000000000000000000000000000

X8Y15,LUT4AB,8,15
frame0,0,32,00000000000000000000000000000000
frame1,1,32,00000000000000000000000000000000
frame2,2,32,00000000000000000000000000000000
frame3,3,32,00000000000000000000000000000000
frame4,4,32,00000000000000000000000000000000
frame5,5,32,00000000000000000000000000000000
frame6,6,32,00000000000000000000000000000000
frame7,7,32,00000000000000000000000000000000
frame8,8,32,00000000000000000000000000000000
frame9,9,32,00000000000000000000000000000000
frame10,10,32,00000000000000000000000000000000
frame11,11,32,00000000000000000000000000000000
frame12,12,32,00000000000000000000000000000000
frame13,13,32,00000000000000000000000000000000
frame14,14,32,00000000000000000000000000000000
frame15,15,32,00000000000000000000000000000000
frame16,16,32,00000000000000000000000000000000
frame17,17,32,00000000000000000000000000000000
frame18,18,32,00000000000000000000000000000000
frame19,19,32,00000000000000000000000000000000

X9Y15,LUT4AB,9,15
frame0,0,32,00000000000000000000000000000000
frame1,1,32,00000000000000000000000000000000
frame2,2,32,00000000000000000000000000000000
frame3,3,32,00000000000000000000000000000000
frame4,4,32,00000000000000000000000000000000
frame5,5,32,00000000000000000000000000000000
frame6,6,32,00000000000000000000000000000000
frame7,7,32,00000000000000000000000000000000
frame8,8,32,00000000000000000000000000000000
frame9,9,32,00000000000000000000000000000000
frame10,10,32,00000000000000000000000000000000
frame11,11,32,00000000000000000000000000000000
frame12,12,32,00000000000000000000000000000000
frame13,13,32,00000000000000000000000000000000
frame14,14,32,00000000000000000000000000000000
frame15,15,32,00000000000000000000000000000000
frame16,16,32,00000000000000000000000000000000
frame17,17,32,00000000000000000000000000000000
frame18,18,32,00000000000000000000000000000000
frame19,19,32,00000000000000000000000000000000

X10Y15,RAM_IO,10,15
frame0,0,32,00000000000000000000000000000000
frame1,1,32,00000000000000000000000000000000
frame2,2,32,00000000000000000000000000000000
frame3,3,32,00000000000000000000000000000000
frame4,4,32,00000000000000000000000000000000
frame5,5,32,00000000000000000000000000000000
frame6,6,32,00000000000000000000000000000000
frame7,7,32,00000000000000000000000000000000
frame8,8,32,00000000000000000000000000000000
frame9,9,32,00000000000000000000000000000000
frame10,10,32,00000000000000000000000000000000
frame11,11,32,00000000000000000000000000000000
frame12,12,32,00000000000000000000000000000000
frame13,13,32,00000000000000000000000000000000
frame14,14,32,00000000000000000000000000000000
frame15,15,32,00000000000000000000000000000000
frame16,16,32,00000000000000000000000000000000
frame17,17,32,00000000000000000000000000000000
frame18,18,32,00000000000000000000000000000000
frame19,19,32,00000000000000000000000000000000

X0Y14,W_IO,0,14
frame0,0,32,11101011110101000000000000000000
frame1,1,32,00000000000000000000000000000000
frame2,2,32,00000000000000000000000000000000
frame3,3,32,00000000000000000000000000000000
frame4,4,32,00000000000000000000000000000000
frame5,5,32,00000000000000000000000000000000
frame6,6,32,00000000000000000000000000000000
frame7,7,32,00000000000000000000000000000000
frame8,8,32,00000000000000000000000000000000
frame9,9,32,00000000000000000000000000000000
frame10,10,32,00000000000000000000000000000000
frame11,11,32,00000000000000000000000000000000
frame12,12,32,00000000000000000000000000000000
frame13,13,32,00000000000000000000000000000000
frame14,14,32,00000000000000000000000000000000
frame15,15,32,00000000000000000000000000000000
frame16,16,32,00000000000000000000000000000000
frame17,17,32,00000000000000000000000000000000
frame18,18,32,00000000000000000000000000000000
frame19,19,32,00000000000000000000000000000000

X1Y14,LUT4AB,1,14
frame0,0,32,00000000000000000000000000000000
frame1,1,32,00000000100000000000000000000000
frame2,2,32,00000000000000000000000000000000
frame3,3,32,00000000000000000000000000000000
frame4,4,32,00000000000000000000000000000000
frame5,5,32,00000000000000000000000000000000
frame6,6,32,00000000000000000000000000000000
frame7,7,32,00000000000000000000000000000000
frame8,8,32,00000000000000000000000000000000
frame9,9,32,00000000000000000000000000000000
frame10,10,32,00000000000000000000000000000000
frame11,11,32,00000000000000000000000000000000
frame12,12,32,00000000000000000000000000000000
frame13,13,32,00000000000000000000000000000000
frame14,14,32,00000000000000000000000000000000
frame15,15,32,00000000000000000000000000000000
frame16,16,32,00000000000000000000000000000000
frame17,17,32,00000000000000000000000000000000
frame18,18,32,00000000000000000000000000000000
frame19,19,32,00000000000000000010000000000000

X2Y14,LUT4AB,2,14
frame0,0,32,00000000000000000000000000000000
frame1,1,32,00000000000000000000000000000000
frame2,2,32,00000000000000000000000000000000
frame3,3,32,00000000000000000000000000000000
frame4,4,32,00000000000000000000000000000000
frame5,5,32,00000000000000000000000000000000
frame6,6,32,00000000000000000000000000000000
frame7,7,32,00000000000000000000000000000000
frame8,8,32,00000000000000000000000000000000
frame9,9,32,00000000000000000000000000000000
frame10,10,32,00000000000000000000000000000000
frame11,11,32,00000000000000000000000000000000
frame12,12,32,00000000000000000000000000000000
frame13,13,32,00000000000000000000000000000000
frame14,14,32,00000000000000000000000000000000
frame15,15,32,00000000000000000000000000000000
frame16,16,32,00000000000000000000000000000000
frame17,17,32,00000000000000000000000000000000
frame18,18,32,00000000000000000000000000000000
frame19,19,32,00000000000000000000000000000000

X3Y14,RegFile,3,14
frame0,0,32,00000000000000000000000000000000
frame1,1,32,00000000000000000000000000000000
frame2,2,32,00000000000000000000000000000000
frame3,3,32,00000000000000000000000000000000
frame4,4,32,00000000000000000000000000000000
frame5,5,32,00000000000000000000000000000000
frame6,6,32,00000000000000000000000000000000
frame7,7,32,00000000000000000000000000000000
frame8,8,32,00000000000000000000000000000000
frame9,9,32,00000000000000000000000000000000
frame10,10,32,00000000000000000000000000000000
frame11,11,32,00000000000000000000000000000000
frame12,12,32,00000000000000000000000000000000
frame13,13,32,00000000000000000000000000000000
frame14,14,32,00000000000000000000000000000000
frame15,15,32,00000000000000000000000000000000
frame16,16,32,00000000000000000000000000000000
frame17,17,32,00000000000000000000000000000000
frame18,18,32,00000000000000000000000000000000
frame19,19,32,00000000000000000000000000000000

X4Y14,LUT4AB,4,14
frame0,0,32,00000000000000000000000000000000
frame1,1,32,00000000000000000000000000000000
frame2,2,32,00000000000000000000000000000000
frame3,3,32,00000000000000000000000000000000
frame4,4,32,00000000000000000000000000000000
frame5,5,32,00000000000000000000000000000000
frame6,6,32,00000000000000000000000000000000
frame7,7,32,00000000000000000000000000000000
frame8,8,32,00000000000000000000000000000000
frame9,9,32,00000000000000000000000000000000
frame10,10,32,00000000000000000000000000000000
frame11,11,32,00000000000000000000000000000000
frame12,12,32,00000000000000000000000000000000
frame13,13,32,00000000000000000000000000000000
frame14,14,32,00000000000000000000000000000000
frame15,15,32,00000000000000000000000000000000
frame16,16,32,00000000000000000000000000000000
frame17,17,32,00000000000000000000000000000000
frame18,18,32,00000000000000000000000000000000
frame19,19,32,00000000000000000000000000000000

X5Y14,LUT4AB,5,14
frame0,0,32,00000000000000000000000000000000
frame1,1,32,00000000000000000000000000000000
frame2,2,32,00000000000000000000000000000000
frame3,3,32,00000000000000000000000000000000
frame4,4,32,00000000000000000000000000000000
frame5,5,32,00000000000000000000000000000000
frame6,6,32,00000000000000000000000000000000
frame7,7,32,00000000000000000000000000000000
frame8,8,32,00000000000000000000000000000000
frame9,9,32,00000000000000000000000000000000
frame10,10,32,00000000000000000000000000000000
frame11,11,32,00000000000000000000000000000000
frame12,12,32,00000000000000000000000000000000
frame13,13,32,00000000000000000000000000000000
frame14,14,32,00000000000000000000000000000000
frame15,15,32,00000000000000000000000000000000
frame16,16,32,00000000000000000000000000000000
frame17,17,32,00000000000000000000000000000000
frame18,18,32,00000000000000000000000000000000
frame19,19,32,00000000000000000000000000000000

X6Y14,LUT4AB,6,14
frame0,0,32,00000000000000000000000000000000
frame1,1,32,00000000000000000000000000000000
frame2,2,32,00000000000000000000000000000000
frame3,3,32,00000000000000000000000000000000
frame4,4,32,00000000000000000000000000000000
frame5,5,32,00000000000000000000000000000000
frame6,6,32,00000000000000000000000000000000
frame7,7,32,00000000000000000000000000000000
frame8,8,32,00000000000000000000000000000000
frame9,9,32,00000000000000000000000000000000
frame10,10,32,00000000000000000000000000000000
frame11,11,32,00000000000000000000000000000000
frame12,12,32,00000000000000000000000000000000
frame13,13,32,00000000000000000000000000000000
frame14,14,32,00000000000000000000000000000000
frame15,15,32,00000000000000000000000000000000
frame16,16,32,00000000000000000000000000000000
frame17,17,32,00000000000000000000000000000000
frame18,18,32,00000000000000000000000000000000
frame19,19,32,00000000000000000000000000000000

X7Y14,DSP_bot,7,14
frame0,0,32,00000000000000000000000000000000
frame1,1,32,00000000000000000000000000000000
frame2,2,32,00000000000000000000000000000000
frame3,3,32,00000000000000000000000000000000
frame4,4,32,00000000000000000000000000000000
frame5,5,32,00000000000000000000000000000000
frame6,6,32,00000000000000000000000000000000
frame7,7,32,00000000000000000000000000000000
frame8,8,32,00000000000000000000000000000000
frame9,9,32,00000000000000000000000000000000
frame10,10,32,00000000000000000000000000000000
frame11,11,32,00000000000000000000000000000000
frame12,12,32,00000000000000000000000000000000
frame13,13,32,00000000000000000000000000000000
frame14,14,32,00000000000000000000000000000000
frame15,15,32,00000000000000000000000000000000
frame16,16,32,00000000000000000000000000000000
frame17,17,32,00000000000000000000000000000000
frame18,18,32,00000000000000000000000000000000
frame19,19,32,00000000000000000000000000000000

X8Y14,LUT4AB,8,14
frame0,0,32,00000000000000000000000000000000
frame1,1,32,00000000000000000000000000000000
frame2,2,32,00000000000000000000000000000000
frame3,3,32,00000000000000000000000000000000
frame4,4,32,00000000000000000000000000000000
frame5,5,32,00000000000000000000000000000000
frame6,6,32,00000000000000000000000000000000
frame7,7,32,00000000000000000000000000000000
frame8,8,32,00000000000000000000000000000000
frame9,9,32,00000000000000000000000000000000
frame10,10,32,00000000000000000000000000000000
frame11,11,32,00000000000000000000000000000000
frame12,12,32,00000000000000000000000000000000
frame13,13,32,00000000000000000000000000000000
frame14,14,32,00000000000000000000000000000000
frame15,15,32,00000000000000000000000000000000
frame16,16,32,00000000000000000000000000000000
frame17,17,32,00000000000000000000000000000000
frame18,18,32,00000000000000000000000000000000
frame19,19,32,00000000000000000000000000000000

X9Y14,LUT4AB,9,14
frame0,0,32,00000000000000000000000000000000
frame1,1,32,00000000000000000000000000000000
frame2,2,32,00000000000000000000000000000000
frame3,3,32,00000000000000000000000000000000
frame4,4,32,00000000000000000000000000000000
frame5,5,32,00000000000000000000000000000000
frame6,6,32,00000000000000000000000000000000
frame7,7,32,00000000000000000000000000000000
frame8,8,32,00000000000000000000000000000000
frame9,9,32,00000000000000000000000000000000
frame10,10,32,00000000000000000000000000000000
frame11,11,32,00000000000000000000000000000000
frame12,12,32,00000000000000000000000000000000
frame13,13,32,00000000000000000000000000000000
frame14,14,32,00000000000000000000000000000000
frame15,15,32,00000000000000000000000000000000
frame16,16,32,00000000000000000000000000000000
frame17,17,32,00000000000000000000000000000000
frame18,18,32,00000000000000000000000000000000
frame19,19,32,00000000000000000000000000000000

X10Y14,RAM_IO,10,14
frame0,0,32,00000000000000000000000000000000
frame1,1,32,00000000000000000000000000000000
frame2,2,32,00000000000000000000000000000000
frame3,3,32,00000000000000000000000000000000
frame4,4,32,00000000000000000000000000000000
frame5,5,32,00000000000000000000000000000000
frame6,6,32,00000000000000000000000000000000
frame7,7,32,00000000000000000000000000000000
frame8,8,32,00000000000000000000000000000000
frame9,9,32,00000000000000000000000000000000
frame10,10,32,00000000000000000000000000000000
frame11,11,32,00000000000000000000000000000000
frame12,12,32,00000000000000000000000000000000
frame13,13,32,00000000000000000000000000000000
frame14,14,32,00000000000000000000000000000000
frame15,15,32,00000000000000000000000000000000
frame16,16,32,00000000000000000000000000000000
frame17,17,32,00000000000000000000000000000000
frame18,18,32,00000000000000000000000000000000
frame19,19,32,00000000000000000000000000000000

X0Y13,W_IO,0,13
frame0,0,32,11100111110011000000000000000000
frame1,1,32,00000000000000000000000000000000
frame2,2,32,00000000000000000000000000000000
frame3,3,32,00000000000000000000000000000000
frame4,4,32,00000000000000000000000000000000
frame5,5,32,00000000000000000000000000000000
frame6,6,32,00000000000000000000000000000000
frame7,7,32,00000000000000000000000000000000
frame8,8,32,00000000000000000000000000000000
frame9,9,32,00000000000000000000000000000000
frame10,10,32,00000000000000000000000000000000
frame11,11,32,00000000000000000000000000000000
frame12,12,32,00000000000000000000000000000000
frame13,13,32,00000000000000000000000000000000
frame14,14,32,00000000000000000000000000000000
frame15,15,32,00000000000000000000000000000000
frame16,16,32,00000000000000000000000000000000
frame17,17,32,00000000000000000000000000000000
frame18,18,32,00000000000000000000000000000000
frame19,19,32,00000000000000000000000000000000

X1Y13,LUT4AB,1,13
frame0,0,32,00000000000000000000001000000000
frame1,1,32,00000000000000000000000000000000
frame2,2,32,00000000100000000000000000000000
frame3,3,32,00000000000000000000000000000000
frame4,4,32,00000000000000000000000000000000
frame5,5,32,00000000000000000000000000000000
frame6,6,32,00000000000000000000000000000000
frame7,7,32,00000000000000000000000000000000
frame8,8,32,00000000000000000000000000000000
frame9,9,32,00000000000000000000000000000000
frame10,10,32,00000000000000000000000000000000
frame11,11,32,00000000000000000000000000000000
frame12,12,32,00000000000000000000000000000000
frame13,13,32,00000000000000000000000000000000
frame14,14,32,00000000000000000000000000000000
frame15,15,32,00000000000000000000000000000000
frame16,16,32,00000000000000000000000000000000
frame17,17,32,00000000000000000000000000000000
frame18,18,32,00000000000000000000000000000000
frame19,19,32,00000000000000000000000000000000

X2Y13,LUT4AB,2,13
frame0,0,32,00000000000000000000000000000000
frame1,1,32,00000000000000000000000000000000
frame2,2,32,00000000000000000000000000000000
frame3,3,32,00000000000000000000000000000000
frame4,4,32,00000000000000000000000000000000
frame5,5,32,00000000000000000000000000000000
frame6,6,32,00000000000000000000000000000000
frame7,7,32,00000000000000000000000000000000
frame8,8,32,00000000000000000000000000000000
frame9,9,32,00000000000000000000000000000000
frame10,10,32,00000000000000000000000000000000
frame11,11,32,00000000000000000000000000000000
frame12,12,32,00000000000000000000000000000000
frame13,13,32,00000000000000000000000000000000
frame14,14,32,00000000000000000000000000000000
frame15,15,32,00000000000000000000000000000000
frame16,16,32,00000000000000000000000000000000
frame17,17,32,00000000000000000000000000000000
frame18,18,32,00000000000000000000000000000000
frame19,19,32,00000000000000000000000000000000

X3Y13,RegFile,3,13
frame0,0,32,00000000000000000000000000000000
frame1,1,32,00000000000000000000000000000000
frame2,2,32,00000000000000000000000000000000
frame3,3,32,00000000000000000000000000000000
frame4,4,32,00000000000000000000000000000000
frame5,5,32,00000000000000000000000000000000
frame6,6,32,00000000000000000000000000000000
frame7,7,32,00000000000000000000000000000000
frame8,8,32,00000000000000000000000000000000
frame9,9,32,00000000000000000000000000000000
frame10,10,32,00000000000000000000000000000000
frame11,11,32,00000000000000000000000000000000
frame12,12,32,00000000000000000000000000000000
frame13,13,32,00000000000000000000000000000000
frame14,14,32,00000000000000000000000000000000
frame15,15,32,00000000000000000000000000000000
frame16,16,32,00000000000000000000000000000000
frame17,17,32,00000000000000000000000000000000
frame18,18,32,00000000000000000000000000000000
frame19,19,32,00000000000000000000000000000000

X4Y13,LUT4AB,4,13
frame0,0,32,00000000000000000000000000000000
frame1,1,32,00000000000000000000000000000000
frame2,2,32,00000000000000000000000000000000
frame3,3,32,00000000000000000000000000000000
frame4,4,32,00000000000000000000000000000000
frame5,5,32,00000000000000000000000000000000
frame6,6,32,00000000000000000000000000000000
frame7,7,32,00000000000000000000000000000000
frame8,8,32,00000000000000000000000000000000
frame9,9,32,00000000000000000000000000000000
frame10,10,32,00000000000000000000000000000000
frame11,11,32,00000000000000000000000000000000
frame12,12,32,00000000000000000000000000000000
frame13,13,32,00000000000000000000000000000000
frame14,14,32,00000000000000000000000000000000
frame15,15,32,00000000000000000000000000000000
frame16,16,32,00000000000000000000000000000000
frame17,17,32,00000000000000000000000000000000
frame18,18,32,00000000000000000000000000000000
frame19,19,32,00000000000000000000000000000000

X5Y13,LUT4AB,5,13
frame0,0,32,00000000000000000000000000000000
frame1,1,32,00000000000000000000000000000000
frame2,2,32,00000000000000000000000000000000
frame3,3,32,00000000000000000000000000000000
frame4,4,32,00000000000000000000000000000000
frame5,5,32,00000000000000000000000000000000
frame6,6,32,00000000000000000000000000000000
frame7,7,32,00000000000000000000000000000000
frame8,8,32,00000000000000000000000000000000
frame9,9,32,00000000000000000000000000000000
frame10,10,32,00000000000000000000000000000000
frame11,11,32,00000000000000000000000000000000
frame12,12,32,00000000000000000000000000000000
frame13,13,32,00000000000000000000000000000000
frame14,14,32,00000000000000000000000000000000
frame15,15,32,00000000000000000000000000000000
frame16,16,32,00000000000000000000000000000000
frame17,17,32,00000000000000000000000000000000
frame18,18,32,00000000000000000000000000000000
frame19,19,32,00000000000000000000000000000000

X6Y13,LUT4AB,6,13
frame0,0,32,00000000000000000000000000000000
frame1,1,32,00000000000000000000000000000000
frame2,2,32,00000000000000000000000000000000
frame3,3,32,00000000000000000000000000000000
frame4,4,32,00000000000000000000000000000000
frame5,5,32,00000000000000000000000000000000
frame6,6,32,00000000000000000000000000000000
frame7,7,32,00000000000000000000000000000000
frame8,8,32,00000000000000000000000000000000
frame9,9,32,00000000000000000000000000000000
frame10,10,32,00000000000000000000000000000000
frame11,11,32,00000000000000000000000000000000
frame12,12,32,00000000000000000000000000000000
frame13,13,32,00000000000000000000000000000000
frame14,14,32,00000000000000000000000000000000
frame15,15,32,00000000000000000000000000000000
frame16,16,32,00000000000000000000000000000000
frame17,17,32,00000000000000000000000000000000
frame18,18,32,00000000000000000000000000000000
frame19,19,32,00000000000000000000000000000000

X7Y13,DSP_top,7,13
frame0,0,32,00000000000000000000000000000000
frame1,1,32,00000000000000000000000000000000
frame2,2,32,00000000000000000000000000000000
frame3,3,32,00000000000000000000000000000000
frame4,4,32,00000000000000000000000000000000
frame5,5,32,00000000000000000000000000000000
frame6,6,32,00000000000000000000000000000000
frame7,7,32,00000000000000000000000000000000
frame8,8,32,00000000000000000000000000000000
frame9,9,32,00000000000000000000000000000000
frame10,10,32,00000000000000000000000000000000
frame11,11,32,00000000000000000000000000000000
frame12,12,32,00000000000000000000000000000000
frame13,13,32,00000000000000000000000000000000
frame14,14,32,00000000000000000000000000000000
frame15,15,32,00000000000000000000000000000000
frame16,16,32,00000000000000000000000000000000
frame17,17,32,00000000000000000000000000000000
frame18,18,32,00000000000000000000000000000000
frame19,19,32,00000000000000000000000000000000

X8Y13,LUT4AB,8,13
frame0,0,32,00000000000000000000000000000000
frame1,1,32,00000000000000000000000000000000
frame2,2,32,00000000000000000000000000000000
frame3,3,32,00000000000000000000000000000000
frame4,4,32,00000000000000000000000000000000
frame5,5,32,00000000000000000000000000000000
frame6,6,32,00000000000000000000000000000000
frame7,7,32,00000000000000000000000000000000
frame8,8,32,00000000000000000000000000000000
frame9,9,32,00000000000000000000000000000000
frame10,10,32,00000000000000000000000000000000
frame11,11,32,00000000000000000000000000000000
frame12,12,32,00000000000000000000000000000000
frame13,13,32,00000000000000000000000000000000
frame14,14,32,00000000000000000000000000000000
frame15,15,32,00000000000000000000000000000000
frame16,16,32,00000000000000000000000000000000
frame17,17,32,00000000000000000000000000000000
frame18,18,32,00000000000000000000000000000000
frame19,19,32,00000000000000000000000000000000

X9Y13,LUT4AB,9,13
frame0,0,32,00000000000000000000000000000000
frame1,1,32,00000000000000000000000000000000
frame2,2,32,00000000000000000000000000000000
frame3,3,32,00000000000000000000000000000000
frame4,4,32,00000000000000000000000000000000
frame5,5,32,00000000000000000000000000000000
frame6,6,32,00000000000000000000000000000000
frame7,7,32,00000000000000000000000000000000
frame8,8,32,00000000000000000000000000000000
frame9,9,32,00000000000000000000000000000000
frame10,10,32,00000000000000000000000000000000
frame11,11,32,00000000000000000000000000000000
frame12,12,32,00000000000000000000000000000000
frame13,13,32,00000000000000000000000000000000
frame14,14,32,00000000000000000000000000000000
frame15,15,32,00000000000000000000000000000000
frame16,16,32,00000000000000000000000000000000
frame17,17,32,00000000000000000000000000000000
frame18,18,32,00000000000000000000000000000000
frame19,19,32,00000000000000000000000000000000

X10Y13,RAM_IO,10,13
frame0,0,32,00000000000000000000000000000000
frame1,1,32,00000000000000000000000000000000
frame2,2,32,00000000000000000000000000000000
frame3,3,32,00000000000000000000000000000000
frame4,4,32,00000000000000000000000000000000
frame5,5,32,00000000000000000000000000000000
frame6,6,32,00000000000000000000000000000000
frame7,7,32,00000000000000000000000000000000
frame8,8,32,00000000000000000000000000000000
frame9,9,32,00000000000000000000000000000000
frame10,10,32,00000000000000000000000000000000
frame11,11,32,00000000000000000000000000000000
frame12,12,32,00000000000000000000000000000000
frame13,13,32,00000000000000000000000000000000
frame14,14,32,00000000000000000000000000000000
frame15,15,32,00000000000000000000000000000000
frame16,16,32,00000000000000000000000000000000
frame17,17,32,00000000000000000000000000000000
frame18,18,32,00000000000000000000000000000000
frame19,19,32,00000000000000000000000000000000

X0Y12,W_IO,0,12
frame0,0,32,11101001110100000000000000000000
frame1,1,32,00000000000000000000000000000000
frame2,2,32,00000000000000000000000000000000
frame3,3,32,00000000000000000000000000000000
frame4,4,32,00000000000000000000000000000000
frame5,5,32,00000000000000000000000000000000
frame6,6,32,00000000000000000000000000000000
frame7,7,32,00000000000000000000000000000000
frame8,8,32,00000000000000000000000000000000
frame9,9,32,00000000000000000000000000000000
frame10,10,32,00000000000000000000000000000000
frame11,11,32,00000000000000000000000000000000
frame12,12,32,00000000000000000000000000000000
frame13,13,32,00000000000000000000000000000000
frame14,14,32,00000000000000000000000000000000
frame15,15,32,00000000000000000000000000000000
frame16,16,32,00000000000000000000000000000000
frame17,17,32,00000000000000000000000000000000
frame18,18,32,00000000000000000000000000000000
frame19,19,32,00000000000000000000000000000000

X1Y12,LUT4AB,1,12
frame0,0,32,00000000000000000000000000000000
frame1,1,32,00000011000000000000000000000000
frame2,2,32,00000000000000000000000000000000
frame3,3,32,00000000000000000000000000000000
frame4,4,32,00000000000000000000000000000000
frame5,5,32,00000000000000000000000000000000
frame6,6,32,00000000000000000000000000000000
frame7,7,32,00000000000000000000000000000000
frame8,8,32,00000000000000000000000000000000
frame9,9,32,00000000000000000000000000000000
frame10,10,32,00000000000000000000000000000000
frame11,11,32,00000000000000000000000000000000
frame12,12,32,00000000000000000000000000000000
frame13,13,32,00000000000000000000000000000000
frame14,14,32,00000000000000000000000000000000
frame15,15,32,00000000000000000000000000000000
frame16,16,32,00000000000000000000000000000000
frame17,17,32,00000000000000000000000000000000
frame18,18,32,00000000000000000000000000000000
frame19,19,32,00000000000000001000000000000000

X2Y12,LUT4AB,2,12
frame0,0,32,00000000000000000000000000000000
frame1,1,32,00000000000000000000000000000000
frame2,2,32,00000000000000000000000000000000
frame3,3,32,00000000000000000000000000000000
frame4,4,32,00000000000000000000000000000000
frame5,5,32,00000000000000000000000000000000
frame6,6,32,00000000000000000000000000000000
frame7,7,32,00000000000000000000000000000000
frame8,8,32,00000000000000000000000000000000
frame9,9,32,00000000000000000000000000000000
frame10,10,32,00000000000000000000000000000000
frame11,11,32,00000000000000000000000000000000
frame12,12,32,00000000000000000000000000000000
frame13,13,32,00000000000000000000000000000000
frame14,14,32,00000000000000000000000000000000
frame15,15,32,00000000000000000000000000000000
frame16,16,32,00000000000000000000000000000000
frame17,17,32,00000000000000000000000000000000
frame18,18,32,00000000000000000000000000000000
frame19,19,32,00000000000000000000000000000000

X3Y12,RegFile,3,12
frame0,0,32,00000000000000000000000000000000
frame1,1,32,00000000000000000000000000000000
frame2,2,32,00000000000000000000000000000000
frame3,3,32,00000000000000000000000000000000
frame4,4,32,00000000000000000000000000000000
frame5,5,32,00000000000000000000000000000000
frame6,6,32,00000000000000000000000000000000
frame7,7,32,00000000000000000000000000000000
frame8,8,32,00000000000000000000000000000000
frame9,9,32,00000000000000000000000000000000
frame10,10,32,00000000000000000000000000000000
frame11,11,32,00000000000000000000000000000000
frame12,12,32,00000000000000000000000000000000
frame13,13,32,00000000000000000000000000000000
frame14,14,32,00000000000000000000000000000000
frame15,15,32,00000000000000000000000000000000
frame16,16,32,00000000000000000000000000000000
frame17,17,32,00000000000000000000000000000000
frame18,18,32,00000000000000000000000000000000
frame19,19,32,00000000000000000000000000000000

X4Y12,LUT4AB,4,12
frame0,0,32,00000000000000000000000000000000
frame1,1,32,00000000000000000000000000000000
frame2,2,32,00000000000000000000000000000000
frame3,3,32,00000000000000000000000000000000
frame4,4,32,00000000000000000000000000000000
frame5,5,32,00000000000000000000000000000000
frame6,6,32,00000000000000000000000000000000
frame7,7,32,00000000000000000000000000000000
frame8,8,32,00000000000000000000000000000000
frame9,9,32,00000000000000000000000000000000
frame10,10,32,00000000000000000000000000000000
frame11,11,32,00000000000000000000000000000000
frame12,12,32,00000000000000000000000000000000
frame13,13,32,00000000000000000000000000000000
frame14,14,32,00000000000000000000000000000000
frame15,15,32,00000000000000000000000000000000
frame16,16,32,00000000000000000000000000000000
frame17,17,32,00000000000000000000000000000000
frame18,18,32,00000000000000000000000000000000
frame19,19,32,00000000000000000000000000000000

X5Y12,LUT4AB,5,12
frame0,0,32,00000000000000000000000000000000
frame1,1,32,00000000000000000000000000000000
frame2,2,32,00000000000000000000000000000000
frame3,3,32,00000000000000000000000000000000
frame4,4,32,00000000000000000000000000000000
frame5,5,32,00000000000000000000000000000000
frame6,6,32,00000000000000000000000000000000
frame7,7,32,00000000000000000000000000000000
frame8,8,32,00000000000000000000000000000000
frame9,9,32,00000000000000000000000000000000
frame10,10,32,00000000000000000000000000000000
frame11,11,32,00000000000000000000000000000000
frame12,12,32,00000000000000000000000000000000
frame13,13,32,00000000000000000000000000000000
frame14,14,32,00000000000000000000000000000000
frame15,15,32,00000000000000000000000000000000
frame16,16,32,00000000000000000000000000000000
frame17,17,32,00000000000000000000000000000000
frame18,18,32,00000000000000000000000000000000
frame19,19,32,00000000000000000000000000000000

X6Y12,LUT4AB,6,12
frame0,0,32,00000000000000000000000000000000
frame1,1,32,00000000000000000000000000000000
frame2,2,32,00000000000000000000000000000000
frame3,3,32,00000000000000000000000000000000
frame4,4,32,00000000000000000000000000000000
frame5,5,32,00000000000000000000000000000000
frame6,6,32,00000000000000000000000000000000
frame7,7,32,00000000000000000000000000000000
frame8,8,32,00000000000000000000000000000000
frame9,9,32,00000000000000000000000000000000
frame10,10,32,00000000000000000000000000000000
frame11,11,32,00000000000000000000000000000000
frame12,12,32,00000000000000000000000000000000
frame13,13,32,00000000000000000000000000000000
frame14,14,32,00000000000000000000000000000000
frame15,15,32,00000000000000000000000000000000
frame16,16,32,00000000000000000000000000000000
frame17,17,32,00000000000000000000000000000000
frame18,18,32,00000000000000000000000000000000
frame19,19,32,00000000000000000000000000000000

X7Y12,DSP_bot,7,12
frame0,0,32,00000000000000000000000000000000
frame1,1,32,00000000000000000000000000000000
frame2,2,32,00000000000000000000000000000000
frame3,3,32,00000000000000000000000000000000
frame4,4,32,00000000000000000000000000000000
frame5,5,32,00000000000000000000000000000000
frame6,6,32,00000000000000000000000000000000
frame7,7,32,00000000000000000000000000000000
frame8,8,32,00000000000000000000000000000000
frame9,9,32,00000000000000000000000000000000
frame10,10,32,00000000000000000000000000000000
frame11,11,32,00000000000000000000000000000000
frame12,12,32,00000000000000000000000000000000
frame13,13,32,00000000000000000000000000000000
frame14,14,32,00000000000000000000000000000000
frame15,15,32,00000000000000000000000000000000
frame16,16,32,00000000000000000000000000000000
frame17,17,32,00000000000000000000000000000000
frame18,18,32,00000000000000000000000000000000
frame19,19,32,00000000000000000000000000000000

X8Y12,LUT4AB,8,12
frame0,0,32,00000000000000000000000000000000
frame1,1,32,00000000000000000000000000000000
frame2,2,32,00000000000000000000000000000000
frame3,3,32,00000000000000000000000000000000
frame4,4,32,00000000000000000000000000000000
frame5,5,32,00000000000000000000000000000000
frame6,6,32,00000000000000000000000000000000
frame7,7,32,00000000000000000000000000000000
frame8,8,32,00000000000000000000000000000000
frame9,9,32,00000000000000000000000000000000
frame10,10,32,00000000000000000000000000000000
frame11,11,32,00000000000000000000000000000000
frame12,12,32,00000000000000000000000000000000
frame13,13,32,00000000000000000000000000000000
frame14,14,32,00000000000000000000000000000000
frame15,15,32,00000000000000000000000000000000
frame16,16,32,00000000000000000000000000000000
frame17,17,32,00000000000000000000000000000000
frame18,18,32,00000000000000000000000000000000
frame19,19,32,00000000000000000000000000000000

X9Y12,LUT4AB,9,12
frame0,0,32,00000000000000000000000000000000
frame1,1,32,00000000000000000000000000000000
frame2,2,32,00000000000000000000000000000000
frame3,3,32,00000000000000000000000000000000
frame4,4,32,00000000000000000000000000000000
frame5,5,32,00000000000000000000000000000000
frame6,6,32,00000000000000000000000000000000
frame7,7,32,00000000000000000000000000000000
frame8,8,32,00000000000000000000000000000000
frame9,9,32,00000000000000000000000000000000
frame10,10,32,00000000000000000000000000000000
frame11,11,32,00000000000000000000000000000000
frame12,12,32,00000000000000000000000000000000
frame13,13,32,00000000000000000000000000000000
frame14,14,32,00000000000000000000000000000000
frame15,15,32,00000000000000000000000000000000
frame16,16,32,00000000000000000000000000000000
frame17,17,32,00000000000000000000000000000000
frame18,18,32,00000000000000000000000000000000
frame19,19,32,00000000000000000000000000000000

X10Y12,RAM_IO,10,12
frame0,0,32,00000000000000000000000000000000
frame1,1,32,00000000000000000000000000000000
frame2,2,32,00000000000000000000000000000000
frame3,3,32,00000000000000000000000000000000
frame4,4,32,00000000000000000000000000000000
frame5,5,32,00000000000000000000000000000000
frame6,6,32,00000000000000000000000000000000
frame7,7,32,00000000000000000000000000000000
frame8,8,32,00000000000000000000000000000000
frame9,9,32,00000000000000000000000000000000
frame10,10,32,00000000000000000000000000000000
frame11,11,32,00000000000000000000000000000000
frame12,12,32,00000000000000000000000000000000
frame13,13,32,00000000000000000000000000000000
frame14,14,32,00000000000000000000000000000000
frame15,15,32,00000000000000000000000000000000
frame16,16,32,00000000000000000000000000000000
frame17,17,32,00000000000000000000000000000000
frame18,18,32,00000000000000000000000000000000
frame19,19,32,00000000000000000000000000000000

X0Y11,W_IO,0,11
frame0,0,32,11101001110100000000000000000000
frame1,1,32,00000000000000000000000000000000
frame2,2,32,00000000000000000000000000000000
frame3,3,32,00000000000000000000000000000000
frame4,4,32,00000000000000000000000000000000
frame5,5,32,00000000000000000000000000000000
frame6,6,32,00000000000000000000000000000000
frame7,7,32,00000000000000000000000000000000
frame8,8,32,00000000000000000000000000000000
frame9,9,32,00000000000000000000000000000000
frame10,10,32,00000000000000000000000000000000
frame11,11,32,00000000000000000000000000000000
frame12,12,32,00000000000000000000000000000000
frame13,13,32,00000000000000000000000000000000
frame14,14,32,00000000000000000000000000000000
frame15,15,32,00000000000000000000000000000000
frame16,16,32,00000000000000000000000000000000
frame17,17,32,00000000000000000000000000000000
frame18,18,32,00000000000000000000000000000000
frame19,19,32,00000000000000000000000000000000

X1Y11,LUT4AB,1,11
frame0,0,32,00000000000000000000000000000000
frame1,1,32,00000011000000000000000010000000
frame2,2,32,00000001000000000000000000000000
frame3,3,32,00000000000000000000000000000000
frame4,4,32,00000000000000000000000000000000
frame5,5,32,00000000000000000000000000000000
frame6,6,32,00000000000000000000000000000000
frame7,7,32,00000000000000000000000000000000
frame8,8,32,00000000000000000000000000000000
frame9,9,32,00000000000000000000000000000000
frame10,10,32,00000000000000000000000000000000
frame11,11,32,00000000000000000000000000000000
frame12,12,32,00000000000000000000000000000000
frame13,13,32,00000000000000000000000000000000
frame14,14,32,00000000000000000000000000000000
frame15,15,32,00000000000000000000000000000000
frame16,16,32,00000000000000000000000000000000
frame17,17,32,00000000000000000000000000000000
frame18,18,32,00000000000000000000000000000000
frame19,19,32,00000000000000000000000010000000

X2Y11,LUT4AB,2,11
frame0,0,32,00000000000000000000000000000000
frame1,1,32,00000000000000000000000000000000
frame2,2,32,00000000000000000000000000000000
frame3,3,32,00000000000000000000000000000000
frame4,4,32,00000000000000000000000000000000
frame5,5,32,00000000000000000000000000000000
frame6,6,32,00000000000000000000000000000000
frame7,7,32,00000000000000000000000000000000
frame8,8,32,00000000000000000000000000000000
frame9,9,32,00000000000000000000000000000000
frame10,10,32,00000000000000000000000000000000
frame11,11,32,00000000000000000000000000000000
frame12,12,32,00000000000000000000000000000000
frame13,13,32,00000000000000000000000000000000
frame14,14,32,00000000000000000000000000000000
frame15,15,32,00000000000000000000000000000000
frame16,16,32,00000000000000000000000000000000
frame17,17,32,00000000000000000000000000000000
frame18,18,32,00000000000000000000000000000000
frame19,19,32,00000000000000000000000000000000

X3Y11,RegFile,3,11
frame0,0,32,00000000000000000000000000000000
frame1,1,32,00000000000000000000000000000000
frame2,2,32,00000000000000000000000000000000
frame3,3,32,00000000000000000000000000000000
frame4,4,32,00000000000000000000000000000000
frame5,5,32,00000000000000000000000000000000
frame6,6,32,00000000000000000000000000000000
frame7,7,32,00000000000000000000000000000000
frame8,8,32,00000000000000000000000000000000
frame9,9,32,00000000000000000000000000000000
frame10,10,32,00000000000000000000000000000000
frame11,11,32,00000000000000000000000000000000
frame12,12,32,00000000000000000000000000000000
frame13,13,32,00000000000000000000000000000000
frame14,14,32,00000000000000000000000000000000
frame15,15,32,00000000000000000000000000000000
frame16,16,32,00000000000000000000000000000000
frame17,17,32,00000000000000000000000000000000
frame18,18,32,00000000000000000000000000000000
frame19,19,32,00000000000000000000000000000000

X4Y11,LUT4AB,4,11
frame0,0,32,00000000000000000000000000000000
frame1,1,32,00000000000000000000000000000000
frame2,2,32,00000000000000000000000000000000
frame3,3,32,00000000000000000000000000000000
frame4,4,32,00000000000000000000000000000000
frame5,5,32,00000000000000000000000000000000
frame6,6,32,00000000000000000000000000000000
frame7,7,32,00000000000000000000000000000000
frame8,8,32,00000000000000000000000000000000
frame9,9,32,00000000000000000000000000000000
frame10,10,32,00000000000000000000000000000000
frame11,11,32,00000000000000000000000000000000
frame12,12,32,00000000000000000000000000000000
frame13,13,32,00000000000000000000000000000000
frame14,14,32,00000000000000000000000000000000
frame15,15,32,00000000000000000000000000000000
frame16,16,32,00000000000000000000000000000000
frame17,17,32,00000000000000000000000000000000
frame18,18,32,00000000000000000000000000000000
frame19,19,32,00000000000000000000000000000000

X5Y11,LUT4AB,5,11
frame0,0,32,00000000000000000000000000000000
frame1,1,32,00000000000000000000000000000000
frame2,2,32,00000000000000000000000000000000
frame3,3,32,00000000000000000000000000000000
frame4,4,32,00000000000000000000000000000000
frame5,5,32,00000000000000000000000000000000
frame6,6,32,00000000000000000000000000000000
frame7,7,32,00000000000000000000000000000000
frame8,8,32,00000000000000000000000000000000
frame9,9,32,00000000000000000000000000000000
frame10,10,32,00000000000000000000000000000000
frame11,11,32,00000000000000000000000000000000
frame12,12,32,00000000000000000000000000000000
frame13,13,32,00000000000000000000000000000000
frame14,14,32,00000000000000000000000000000000
frame15,15,32,00000000000000000000000000000000
frame16,16,32,00000000000000000000000000000000
frame17,17,32,00000000000000000000000000000000
frame18,18,32,00000000000000000000000000000000
frame19,19,32,00000000000000000000000000000000

X6Y11,LUT4AB,6,11
frame0,0,32,00000000000000000000000000000000
frame1,1,32,00000000000000000000000000000000
frame2,2,32,00000000000000000000000000000000
frame3,3,32,00000000000000000000000000000000
frame4,4,32,00000000000000000000000000000000
frame5,5,32,00000000000000000000000000000000
frame6,6,32,00000000000000000000000000000000
frame7,7,32,00000000000000000000000000000000
frame8,8,32,00000000000000000000000000000000
frame9,9,32,00000000000000000000000000000000
frame10,10,32,00000000000000000000000000000000
frame11,11,32,00000000000000000000000000000000
frame12,12,32,00000000000000000000000000000000
frame13,13,32,00000000000000000000000000000000
frame14,14,32,00000000000000000000000000000000
frame15,15,32,00000000000000000000000000000000
frame16,16,32,00000000000000000000000000000000
frame17,17,32,00000000000000000000000000000000
frame18,18,32,00000000000000000000000000000000
frame19,19,32,00000000000000000000000000000000

X7Y11,DSP_top,7,11
frame0,0,32,00000000000000000000000000000000
frame1,1,32,00000000000000000000000000000000
frame2,2,32,00000000000000000000000000000000
frame3,3,32,00000000000000000000000000000000
frame4,4,32,00000000000000000000000000000000
frame5,5,32,00000000000000000000000000000000
frame6,6,32,00000000000000000000000000000000
frame7,7,32,00000000000000000000000000000000
frame8,8,32,00000000000000000000000000000000
frame9,9,32,00000000000000000000000000000000
frame10,10,32,00000000000000000000000000000000
frame11,11,32,00000000000000000000000000000000
frame12,12,32,00000000000000000000000000000000
frame13,13,32,00000000000000000000000000000000
frame14,14,32,00000000000000000000000000000000
frame15,15,32,00000000000000000000000000000000
frame16,16,32,00000000000000000000000000000000
frame17,17,32,00000000000000000000000000000000
frame18,18,32,00000000000000000000000000000000
frame19,19,32,00000000000000000000000000000000

X8Y11,LUT4AB,8,11
frame0,0,32,00000000000000000000000000000000
frame1,1,32,00000000000000000000000000000000
frame2,2,32,00000000000000000000000000000000
frame3,3,32,00000000000000000000000000000000
frame4,4,32,00000000000000000000000000000000
frame5,5,32,00000000000000000000000000000000
frame6,6,32,00000000000000000000000000000000
frame7,7,32,00000000000000000000000000000000
frame8,8,32,00000000000000000000000000000000
frame9,9,32,00000000000000000000000000000000
frame10,10,32,00000000000000000000000000000000
frame11,11,32,00000000000000000000000000000000
frame12,12,32,00000000000000000000000000000000
frame13,13,32,00000000000000000000000000000000
frame14,14,32,00000000000000000000000000000000
frame15,15,32,00000000000000000000000000000000
frame16,16,32,00000000000000000000000000000000
frame17,17,32,00000000000000000000000000000000
frame18,18,32,00000000000000000000000000000000
frame19,19,32,00000000000000000000000000000000

X9Y11,LUT4AB,9,11
frame0,0,32,00000000000000000000000000000000
frame1,1,32,00000000000000000000000000000000
frame2,2,32,00000000000000000000000000000000
frame3,3,32,00000000000000000000000000000000
frame4,4,32,00000000000000000000000000000000
frame5,5,32,00000000000000000000000000000000
frame6,6,32,00000000000000000000000000000000
frame7,7,32,00000000000000000000000000000000
frame8,8,32,00000000000000000000000000000000
frame9,9,32,00000000000000000000000000000000
frame10,10,32,00000000000000000000000000000000
frame11,11,32,00000000000000000000000000000000
frame12,12,32,00000000000000000000000000000000
frame13,13,32,00000000000000000000000000000000
frame14,14,32,00000000000000000000000000000000
frame15,15,32,00000000000000000000000000000000
frame16,16,32,00000000000000000000000000000000
frame17,17,32,00000000000000000000000000000000
frame18,18,32,00000000000000000000000000000000
frame19,19,32,00000000000000000000000000000000

X10Y11,RAM_IO,10,11
frame0,0,32,00000000000000000000000000000000
frame1,1,32,00000000000000000000000000000000
frame2,2,32,00000000000000000000000000000000
frame3,3,32,00000000000000000000000000000000
frame4,4,32,00000000000000000000000000000000
frame5,5,32,00000000000000000000000000000000
frame6,6,32,00000000000000000000000000000000
frame7,7,32,00000000000000000000000000000000
frame8,8,32,00000000000000000000000000000000
frame9,9,32,00000000000000000000000000000000
frame10,10,32,00000000000000000000000000000000
frame11,11,32,00000000000000000000000000000000
frame12,12,32,00000000000000000000000000000000
frame13,13,32,00000000000000000000000000000000
frame14,14,32,00000000000000000000000000000000
frame15,15,32,00000000000000000000000000000000
frame16,16,32,00000000000000000000000000000000
frame17,17,32,00000000000000000000000000000000
frame18,18,32,00000000000000000000000000000000
frame19,19,32,00000000000000000000000000000000

X0Y10,W_IO,0,10
frame0,0,32,11101011110101000000000000000000
frame1,1,32,00000000000000000000000000000000
frame2,2,32,00000000000000000000000000000000
frame3,3,32,00000000000000000000000000000000
frame4,4,32,00000000000000000000000000000000
frame5,5,32,00000000000000000000000000000000
frame6,6,32,00000000000000000000000000000000
frame7,7,32,00000000000000000000000000000000
frame8,8,32,00000000000000000000000000000000
frame9,9,32,00000000000000000000000000000000
frame10,10,32,00000000000000000000000000000000
frame11,11,32,00000000000000000000000000000000
frame12,12,32,00000000000000000000000000000000
frame13,13,32,00000000000000000000000000000000
frame14,14,32,00000000000000000000000000000000
frame15,15,32,00000000000000000000000000000000
frame16,16,32,00000000000000000000000000000000
frame17,17,32,00000000000000000000000000000000
frame18,18,32,00000000000000000000000000000000
frame19,19,32,00000000000000000000000000000000

X1Y10,LUT4AB,1,10
frame0,0,32,00000000000000000001000001000000
frame1,1,32,00000011100001000000000000000000
frame2,2,32,00000000000000000010000001100000
frame3,3,32,00000000000000010100000000000000
frame4,4,32,00000100000010000000010000000000
frame5,5,32,00000000000000001010000000010000
frame6,6,32,00000000000000000000000010000000
frame7,7,32,10000000000000000000010000000000
frame8,8,32,10000000000000000001000000000100
frame9,9,32,00000000000100000000000000010000
frame10,10,32,00010000000000000010000000000000
frame11,11,32,00000000000000000000000000000000
frame12,12,32,00000110000000000000000000000000
frame13,13,32,00000000100000000000000000000000
frame14,14,32,00000000000000001000000010000000
frame15,15,32,00001000000000000000000001100000
frame16,16,32,00000000000000000000000000000100
frame17,17,32,00000001001101000001000001000000
frame18,18,32,00000110000001111111010010011000
frame19,19,32,00000000000000000100000000000000

X2Y10,LUT4AB,2,10
frame0,0,32,00000000000000000000000000000000
frame1,1,32,00000000000000001000000000000000
frame2,2,32,00000000000000001010000000010000
frame3,3,32,00000001000000000100000100010000
frame4,4,32,00000000010000000000000100000000
frame5,5,32,00000010000101000000000000000001
frame6,6,32,01000000000010110000000000000000
frame7,7,32,00000000000101100010000000000000
frame8,8,32,00010000000000010100001000000000
frame9,9,32,00000000000000100000000011000001
frame10,10,32,00000000000100110101000000000001
frame11,11,32,11000000000110110000100000010100
frame12,12,32,00001000000010000000000000000000
frame13,13,32,00010000000010010000000001000001
frame14,14,32,00001000010100011010110000000010
frame15,15,32,00000100000000000000000001000000
frame16,16,32,00000000000000000101000010010000
frame17,17,32,00000000000000000000110000000000
frame18,18,32,00000000000000000000101011011000
frame19,19,32,00000000000000000000000000000000

X3Y10,RegFile,3,10
frame0,0,32,00000000000000000000000000000000
frame1,1,32,00000000000000100000000000000000
frame2,2,32,00000000000000000000000000000000
frame3,3,32,00000011000000100110000000000000
frame4,4,32,00000000000000000000001000000000
frame5,5,32,00000000000000000000000000000000
frame6,6,32,00000000000000000000000000000000
frame7,7,32,00000000000000000000000000000000
frame8,8,32,00000000000000000000000000000000
frame9,9,32,00000000000000000000000000000000
frame10,10,32,00000000000000000000000000000000
frame11,11,32,00000000000000000000000010000000
frame12,12,32,00000000000000000000000000000000
frame13,13,32,00000000000000000000000000000000
frame14,14,32,00000000000000000000000000000000
frame15,15,32,00000000000000000000000000000000
frame16,16,32,00000000000000000000000000000000
frame17,17,32,00000000000000000000000000000000
frame18,18,32,00000000000000000000000000000000
frame19,19,32,00000000000000000000000000000000

X4Y10,LUT4AB,4,10
frame0,0,32,00000000000000000001000001010000
frame1,1,32,00000000100000000000000000000000
frame2,2,32,00000000000000000010100000000000
frame3,3,32,00000010000000110100100011000010
frame4,4,32,00001000000000000011000000110001
frame5,5,32,10000000000000000000000000000000
frame6,6,32,00000000000000100100000000000000
frame7,7,32,10010000100100000000000100000000
frame8,8,32,10000000000000000000000000000000
frame9,9,32,01000000001001000000000000000001
frame10,10,32,00000000000000000101000011000000
frame11,11,32,00100000000110001000000000100010
frame12,12,32,00001000000010000000100000000100
frame13,13,32,00010000000010100000000000000001
frame14,14,32,00000000001010010000000010000010
frame15,15,32,00000001100000100000000000110001
frame16,16,32,00100000110000000001001000010000
frame17,17,32,00010111001100000000010000000010
frame18,18,32,00000110011000000000000000000000
frame19,19,32,00000000000000000010011000100000

X5Y10,LUT4AB,5,10
frame0,0,32,00000000000000000000000000010000
frame1,1,32,00000000000010010000000000101000
frame2,2,32,00000000100000000010001000000000
frame3,3,32,00000010000000000100000000000000
frame4,4,32,00000100000010000000000000000000
frame5,5,32,00000000000100000010000000010000
frame6,6,32,00000000000011000000100000000000
frame7,7,32,00000000000001010000000010000010
frame8,8,32,00100000000000000101010000000000
frame9,9,32,00000000000000100000000111100000
frame10,10,32,10000000000000010011000000000000
frame11,11,32,00000000000000010010000010000001
frame12,12,32,00001010000000001000000000000000
frame13,13,32,00011000000000001000000000000001
frame14,14,32,00000001000010011000110000000110
frame15,15,32,00001001100000000010010011000000
frame16,16,32,00111100010000001101000010010100
frame17,17,32,00110000000000000000101000100000
frame18,18,32,00100000000000000000001010011000
frame19,19,32,00000000000000000000001101000000

X6Y10,LUT4AB,6,10
frame0,0,32,00000000000000000000100011000000
frame1,1,32,00000000000000000000000000000000
frame2,2,32,00000000000000000000000000000000
frame3,3,32,00000000000000000000000000000000
frame4,4,32,00000000000000000000000010110000
frame5,5,32,00000000000000000000000000000000
frame6,6,32,00000000000000000000000100000000
frame7,7,32,00000000000000000000000000000000
frame8,8,32,00000000000000000000000000000000
frame9,9,32,00000000000000000000000000000000
frame10,10,32,00000000000000000000000000000000
frame11,11,32,00000000000000000000000000000000
frame12,12,32,00000000000000000000000000000000
frame13,13,32,00000000000000000000000000000000
frame14,14,32,00000000000000000000000000000000
frame15,15,32,00000000000000010000000000000000
frame16,16,32,00000000000000000000000000000000
frame17,17,32,00000011010100000000000000000000
frame18,18,32,00001010101000000000000000000000
frame19,19,32,00000000000000000001100000000000

X7Y10,DSP_bot,7,10
frame0,0,32,00000000000000000000000000000000
frame1,1,32,00000000000000000101000000000000
frame2,2,32,00000000000000000101000000000000
frame3,3,32,00000000000000000000000000000000
frame4,4,32,00000000000000000000000000000000
frame5,5,32,00000000000000000000000000000000
frame6,6,32,00000000000000000000000000000000
frame7,7,32,00000000000000000000000000000000
frame8,8,32,00000000000000000000000000000000
frame9,9,32,00000000000000000000000000000000
frame10,10,32,00001000000000000000000000000000
frame11,11,32,00000000000000000000000000000000
frame12,12,32,00000000000000000000000010000000
frame13,13,32,00000000000000000000000000000000
frame14,14,32,00000000000000000000000000000000
frame15,15,32,00000000000000000000000000000000
frame16,16,32,00000000000000000000000000000000
frame17,17,32,00000000000000000000000000000000
frame18,18,32,00000000000000000000000000000000
frame19,19,32,00000000000000000000000000000000

X8Y10,LUT4AB,8,10
frame0,0,32,00000000000000000000000000000000
frame1,1,32,00000000000000000000000000000000
frame2,2,32,00000000000000000000000000000000
frame3,3,32,00000000000000000000000000000000
frame4,4,32,00000000000000000000000000000000
frame5,5,32,00000000000000000000000000000000
frame6,6,32,00000000000000000000000000000000
frame7,7,32,00000000000000000000000000000000
frame8,8,32,00000000000000000000000000000000
frame9,9,32,00000000000000000000000000000000
frame10,10,32,00000000000000000000000000000000
frame11,11,32,00000000000000000000000000000000
frame12,12,32,00000000000000000000000000000000
frame13,13,32,00000000000000000000000000000000
frame14,14,32,00000000000000000000000000000000
frame15,15,32,00000000000000000000000000000000
frame16,16,32,00000000000000000000000000000000
frame17,17,32,00000000000000000000000000000000
frame18,18,32,00000000000000000000000000000000
frame19,19,32,00000000000000000000000000000000

X9Y10,LUT4AB,9,10
frame0,0,32,00000000000000000000000000000000
frame1,1,32,00000000000000000000000000000000
frame2,2,32,00000000000000000000000000000000
frame3,3,32,00000000000000000000000000000000
frame4,4,32,00000000000000000000000000000000
frame5,5,32,00000000000000000000000000000000
frame6,6,32,00000000000000000000000000000000
frame7,7,32,00000000000000000000000000000000
frame8,8,32,00000000000000000000000000000000
frame9,9,32,00000000000000000000000000000000
frame10,10,32,00000000000000000000000000000000
frame11,11,32,00000000000000000000000000000000
frame12,12,32,00000000000000000000000000000000
frame13,13,32,00000000000000000000000000000000
frame14,14,32,00000000000000000000000000000000
frame15,15,32,00000000000000000000000000000000
frame16,16,32,00000000000000000000000000000000
frame17,17,32,00000000000000000000000000000000
frame18,18,32,00000000000000000000000000000000
frame19,19,32,00000000000000000000000000000000

X10Y10,RAM_IO,10,10
frame0,0,32,00000000000000000000000000000000
frame1,1,32,00000000000000000000000000000000
frame2,2,32,00000000000000000000000000000000
frame3,3,32,00000000000000000000000000000000
frame4,4,32,00000000000000000000000000000000
frame5,5,32,00000000000000000000000000000000
frame6,6,32,00000000000000000000000000000000
frame7,7,32,00000000000000000000000000000000
frame8,8,32,00000000000000000000000000000000
frame9,9,32,00000000000000000000000000000000
frame10,10,32,00000000000000000000000000000000
frame11,11,32,00000000000000000000000000000000
frame12,12,32,00000000000000000000000000000000
frame13,13,32,00000000000000000000000000000000
frame14,14,32,00000000000000000000000000000000
frame15,15,32,00000000000000000000000000000000
frame16,16,32,00000000000000000000000000000000
frame17,17,32,00000000000000000000000000000000
frame18,18,32,00000000000000000000000000000000
frame19,19,32,00000000000000000000000000000000

X0Y9,W_IO,0,9
frame0,0,32,11101111110111000000000000000000
frame1,1,32,00000000000000000000000000000000
frame2,2,32,00000000000000000000000000000010
frame3,3,32,00000000000000000000000000000000
frame4,4,32,00000000000000000000000000000000
frame5,5,32,00000000000000000000000000000000
frame6,6,32,00000000000000000000000000000000
frame7,7,32,00000000000000000000000000000000
frame8,8,32,00000000000000000000000000000000
frame9,9,32,00000000000000000000000000000000
frame10,10,32,00000000000000000000000000000000
frame11,11,32,00000000000000000000000000000000
frame12,12,32,00000000000000000000000000000000
frame13,13,32,00000000000000000000000000000000
frame14,14,32,00000000000000000000000000000000
frame15,15,32,00000000000000000000000000000000
frame16,16,32,00000000000000000000000000000000
frame17,17,32,00000000000000000000000000000000
frame18,18,32,00000000000000000000000000000000
frame19,19,32,00000000000000000000000000000000

X1Y9,LUT4AB,1,9
frame0,0,32,00000000011000001001010000100000
frame1,1,32,00000010100000001000010000001100
frame2,2,32,00000001100001110010101000000000
frame3,3,32,01000010010110110101000000000000
frame4,4,32,10000100010011100001001000010100
frame5,5,32,10000000000011000100000000000000
frame6,6,32,10000000000000011000000000000000
frame7,7,32,11110000000000000000100110001000
frame8,8,32,11000000000000001010000000000010
frame9,9,32,10000000001000000000000000001000
frame10,10,32,00100000000101000101000011110000
frame11,11,32,11000001000010000000000000010000
frame12,12,32,00000100000010110001010000100000
frame13,13,32,00000000000010001100000000000100
frame14,14,32,00001000011111000000000010001000
frame15,15,32,00001101100000100110000000110000
frame16,16,32,00010100010000000011000000000000
frame17,17,32,00100111001110011010000000010010
frame18,18,32,00100110011001011011010001100000
frame19,19,32,00000010000000100011010000000000

X2Y9,LUT4AB,2,9
frame0,0,32,00000000000000000000001111100000
frame1,1,32,00000000001100000000000100000000
frame2,2,32,00000000100000010010100000000000
frame3,3,32,00000011000111010111000000000000
frame4,4,32,10000000010110000000000000000000
frame5,5,32,00000000000001100000000000000000
frame6,6,32,11000000000001111000000010000000
frame7,7,32,10000000000001010010000000110001
frame8,8,32,10110000000000010001010000000010
frame9,9,32,00000000001000000000010000001101
frame10,10,32,10000000001101000011000111000010
frame11,11,32,11000000000010100000000100000001
frame12,12,32,00001010000000010000100001000100
frame13,13,32,00010000000000000000000010000001
frame14,14,32,00001000000110010000000010000110
frame15,15,32,00001100100000100010000000101000
frame16,16,32,00010100110000001101000111110100
frame17,17,32,00110111001100000000001100100000
frame18,18,32,00100000000000000000011010111000
frame19,19,32,00000000000001000010000100001000

X3Y9,RegFile,3,9
frame0,0,32,00000000000000000000000000000000
frame1,1,32,00000000000000000000000000000000
frame2,2,32,00000000000000000000000000000000
frame3,3,32,00000000000000000000000000000000
frame4,4,32,00000000000000000000000000000000
frame5,5,32,00000000000000000000000000000000
frame6,6,32,00000000000000000000000000000000
frame7,7,32,00000000000000000000000000000000
frame8,8,32,00000000000000000000000000000000
frame9,9,32,00000000000000000000000000000000
frame10,10,32,00000000000000000000000000000000
frame11,11,32,00000000000000000000000000000000
frame12,12,32,00000000000000000000000000000000
frame13,13,32,00000000000000000000000000000000
frame14,14,32,00000000000000000000000000000000
frame15,15,32,00000000000000000000000000000000
frame16,16,32,00000000000000000000000000000000
frame17,17,32,00000000000000000000000000000000
frame18,18,32,00000000000000000000000000000000
frame19,19,32,00000000000000000000000000000000

X4Y9,LUT4AB,4,9
frame0,0,32,00000000000000000000000100100000
frame1,1,32,00000000000000001000011000100000
frame2,2,32,00000000000000110110000000000000
frame3,3,32,00000001000010000100100010000000
frame4,4,32,10000000010000000001000100000100
frame5,5,32,10000000000100100000000000100000
frame6,6,32,11000000000010001001000000000001
frame7,7,32,00011000000001001000100100000001
frame8,8,32,01010000000000011100000000100000
frame9,9,32,10100000001010001000000100000100
frame10,10,32,00110000000100110100000010000011
frame11,11,32,00000000000010110100000001010000
frame12,12,32,10000000000010000000010000100010
frame13,13,32,10000000000000010000000000000100
frame14,14,32,00000000011111101000110001011000
frame15,15,32,00000001100000100100010010011011
frame16,16,32,00010001100100000010000010010100
frame17,17,32,00000101000010010010101000011010
frame18,18,32,00000001010001011011000001111000
frame19,19,32,00000000000000000000010011000000

X5Y9,LUT4AB,5,9
frame0,0,32,00000000000000000001000001010000
frame1,1,32,00000000100001000001000000000000
frame2,2,32,00000000010011111000001100000000
frame3,3,32,00000001000100000100000000000000
frame4,4,32,00000000010001000000000000100101
frame5,5,32,00000000000000100010000000100001
frame6,6,32,01000000000010101000000100000000
frame7,7,32,00000000000101000010000000000011
frame8,8,32,01010110000000010100001000000000
frame9,9,32,10001000000100000000000000000100
frame10,10,32,00000000000100100000000011111001
frame11,11,32,00000000000110110000000010010100
frame12,12,32,01010100000010000000000000000010
frame13,13,32,00001000100010011101000001000100
frame14,14,32,00000000010011000000110001001000
frame15,15,32,00001001100011100011010010000010
frame16,16,32,00011000000000101000000001000000
frame17,17,32,00000000000110001000011101001000
frame18,18,32,00110110000000000111010000100000
frame19,19,32,00000000000000000100000100000000

X6Y9,LUT4AB,6,9
frame0,0,32,00000000000000010001000000010000
frame1,1,32,00000001101011010000000000000000
frame2,2,32,00000000000000101010100000010000
frame3,3,32,00000010000010101111100000000000
frame4,4,32,00000000000000000111000010110001
frame5,5,32,10000000000010000110000000000000
frame6,6,32,00000000000011000100100000000000
frame7,7,32,00010000000001010000000100000101
frame8,8,32,01000000000000000100000000000100
frame9,9,32,11000000001100000000001100010001
frame10,10,32,00000000000011010000000011000000
frame11,11,32,00100000000000001000000000100001
frame12,12,32,00000100000000000100000100000001
frame13,13,32,00000000100010100101000101000110
frame14,14,32,00000000001101001010110000001000
frame15,15,32,00100000000010100010100001010000
frame16,16,32,00000100100010000101001000010000
frame17,17,32,00000001000010011111010000101010
frame18,18,32,00011111111000111001001010101000
frame19,19,32,00000000000000101000000000000000

X7Y9,DSP_top,7,9
frame0,0,32,00000000000000000000000000000000
frame1,1,32,00000000000000000000000000000000
frame2,2,32,00000000000000000000000000000000
frame3,3,32,00000000000000000000000000000000
frame4,4,32,00000000000000000000000000000000
frame5,5,32,00000000000000000000000000000000
frame6,6,32,00000000000000000000000000000000
frame7,7,32,00000000000000000000000000000000
frame8,8,32,00000000000000000000000000000000
frame9,9,32,00000000000000000000000000000000
frame10,10,32,00000000000000000000000000000000
frame11,11,32,00000000000000000000000000000000
frame12,12,32,00000000000000000000000000000000
frame13,13,32,00000000000000000000000000000000
frame14,14,32,00000000000000000000000000000000
frame15,15,32,00000000000000000000000000000000
frame16,16,32,00000000000000000000000000000000
frame17,17,32,00000000000000000000000000000000
frame18,18,32,00000000000000000000000000000000
frame19,19,32,00000000000000000000000000000000

X8Y9,LUT4AB,8,9
frame0,0,32,00000000000000000000000000000000
frame1,1,32,00000000000000000000000000000000
frame2,2,32,00000000000000000000000000000000
frame3,3,32,00000000000000000000000000000000
frame4,4,32,00000000000000000000000000000000
frame5,5,32,00000000000000000000000000000000
frame6,6,32,00000000000000000000000000000000
frame7,7,32,00000000000000000000000000000000
frame8,8,32,00000000000000000000000000000000
frame9,9,32,00000000000000000000000000000000
frame10,10,32,00000000000000000000000000000000
frame11,11,32,00000000000000000000000000000000
frame12,12,32,00000000000000000000000000000000
frame13,13,32,00000000000000000000000000000000
frame14,14,32,00000000000000000000000000000000
frame15,15,32,00000000000000000000000000000000
frame16,16,32,00000000000000000000000000000000
frame17,17,32,00000000000000000000000000000000
frame18,18,32,00000000000000000000000000000000
frame19,19,32,00000000000000000000000000000000

X9Y9,LUT4AB,9,9
frame0,0,32,00000000000000000000000000000000
frame1,1,32,00000000000000000000000000000000
frame2,2,32,00000000000000000000000000000000
frame3,3,32,00000000000000000000000000000000
frame4,4,32,00000000000000000000000000000000
frame5,5,32,00000000000000000000000000000000
frame6,6,32,00000000000000000000000000000000
frame7,7,32,00000000000000000000000000000000
frame8,8,32,00000000000000000000000000000000
frame9,9,32,00000000000000000000000000000000
frame10,10,32,00000000000000000000000000000000
frame11,11,32,00000000000000000000000000000000
frame12,12,32,00000000000000000000000000000000
frame13,13,32,00000000000000000000000000000000
frame14,14,32,00000000000000000000000000000000
frame15,15,32,00000000000000000000000000000000
frame16,16,32,00000000000000000000000000000000
frame17,17,32,00000000000000000000000000000000
frame18,18,32,00000000000000000000000000000000
frame19,19,32,00000000000000000000000000000000

X10Y9,RAM_IO,10,9
frame0,0,32,00000000000000000000000000000000
frame1,1,32,00000000000000000000000000000000
frame2,2,32,00000000000000000000000000000000
frame3,3,32,00000000000000000000000000000000
frame4,4,32,00000000000000000000000000000000
frame5,5,32,00000000000000000000000000000000
frame6,6,32,00000000000000000000000000000000
frame7,7,32,00000000000000000000000000000000
frame8,8,32,00000000000000000000000000000000
frame9,9,32,00000000000000000000000000000000
frame10,10,32,00000000000000000000000000000000
frame11,11,32,00000000000000000000000000000000
frame12,12,32,00000000000000000000000000000000
frame13,13,32,00000000000000000000000000000000
frame14,14,32,00000000000000000000000000000000
frame15,15,32,00000000000000000000000000000000
frame16,16,32,00000000000000000000000000000000
frame17,17,32,00000000000000000000000000000000
frame18,18,32,00000000000000000000000000000000
frame19,19,32,00000000000000000000000000000000

X0Y8,W_IO,0,8
frame0,0,32,11101101110110000000000000000000
frame1,1,32,00000000000000000000000000000000
frame2,2,32,00000000000000000000000000000000
frame3,3,32,00001000000000000000000000000000
frame4,4,32,00000000000000000000000000000000
frame5,5,32,00000000000000000000000000000000
frame6,6,32,00000000000000000000000000000000
frame7,7,32,00000000000000000000000000000000
frame8,8,32,00000000000000000000000000000000
frame9,9,32,00000000000000000000000000000000
frame10,10,32,00000000000000000000000000000000
frame11,11,32,00000000000000000000000000000000
frame12,12,32,00000000000000000000000000000000
frame13,13,32,00000000000000000000000000000000
frame14,14,32,00000000000000000000000000000000
frame15,15,32,00000000000000000000000000000000
frame16,16,32,00000000000000000000000000000000
frame17,17,32,00000000000000000000000000000000
frame18,18,32,00000000000000000000000000000000
frame19,19,32,00000000000000000000000000000000

X1Y8,LUT4AB,1,8
frame0,0,32,00000000000000001000000011010000
frame1,1,32,00000001000000000000001000000000
frame2,2,32,00000001000000100000101000000000
frame3,3,32,00000010000000001111100000000000
frame4,4,32,10000000010000000001000010000101
frame5,5,32,00000000000000000010000000000001
frame6,6,32,10000000000001100000000000000000
frame7,7,32,11100100000100010000000000000100
frame8,8,32,10000000000000000000000000000010
frame9,9,32,00000000001000000000011100001001
frame10,10,32,00000000000010000001000000000101
frame11,11,32,00000000100110001000000000101010
frame12,12,32,00001000000010000100110000101000
frame13,13,32,00010000000010101100001000000001
frame14,14,32,00000000001000011000000001000010
frame15,15,32,00000000100001100010000000000100
frame16,16,32,00011100100000001111001000010100
frame17,17,32,00110000101110000010010000011000
frame18,18,32,00101010000001011011010010101000
frame19,19,32,00000000000000000000011000000000

X2Y8,LUT4AB,2,8
frame0,0,32,00000000000000000001000100000000
frame1,1,32,00000001100000000000000000000000
frame2,2,32,00000001100000001111100000000000
frame3,3,32,00000000000001100101000000000000
frame4,4,32,10000100000010000011010000000100
frame5,5,32,10000000000001010000000000000000
frame6,6,32,10000000000000011110000100001000
frame7,7,32,01111000000000010011000100000001
frame8,8,32,00000100000000010101010000000010
frame9,9,32,00101000000001001000011110001000
frame10,10,32,00000000000100000111000111000000
frame11,11,32,11000000000110000011001000001100
frame12,12,32,00001000000000000000000001110000
frame13,13,32,00010001000000110000000010100010
frame14,14,32,01010000011011100110000000000010
frame15,15,32,01110001000011100100000010000011
frame16,16,32,01010000000000110000000000000000
frame17,17,32,00010110001100000000000100000000
frame18,18,32,00011001100000000000111011111000
frame19,19,32,00000000000000001100000000000000

X3Y8,RegFile,3,8
frame0,0,32,00000000000000000000000000000000
frame1,1,32,00000000000000000000000000000000
frame2,2,32,00000000000000000000000000000000
frame3,3,32,00000000000000100000000000000000
frame4,4,32,00000000000000000000001000000000
frame5,5,32,00000000000000000000000000000000
frame6,6,32,00000000000000000000000000000000
frame7,7,32,00000000000000000000000000000000
frame8,8,32,00000000000000000000000000000000
frame9,9,32,00000000000000000000000000000000
frame10,10,32,00000000000000000000000000000000
frame11,11,32,00000000000000000000000010000000
frame12,12,32,00000000000000000000000000000000
frame13,13,32,00000000000000000000000000000000
frame14,14,32,00000000000000000000000000000000
frame15,15,32,00000000000000000000000000000000
frame16,16,32,00000000000000000000000000000000
frame17,17,32,00000000000000000000000000000000
frame18,18,32,00000000000000000000000000000000
frame19,19,32,00000000000000000000000000000000

X4Y8,LUT4AB,4,8
frame0,0,32,00000000000000001000000001000000
frame1,1,32,00000001101110000110000110000000
frame2,2,32,00000000011000010011100100110000
frame3,3,32,00000001000111001000100000010000
frame4,4,32,10000000000000100110000010001001
frame5,5,32,00000000000001000011100000110000
frame6,6,32,10000000000000010000000100000000
frame7,7,32,10000100000101101000000000000010
frame8,8,32,10000000000000001100101010100110
frame9,9,32,00010000000010000001000000111001
frame10,10,32,00000000000001000100000011000000
frame11,11,32,11000000000000110100000000100010
frame12,12,32,10000000000010110000000000000010
frame13,13,32,10000100000011111100000001010000
frame14,14,32,00001000011101011000010000010000
frame15,15,32,00000101000000000000010000101100
frame16,16,32,00101001000000010111000101000000
frame17,17,32,00000000000001000110001000001000
frame18,18,32,00000000001001111000111010101000
frame19,19,32,00000000000000000100011101000000

X5Y8,LUT4AB,5,8
frame0,0,32,00000000000000000000000111000000
frame1,1,32,00000001000000000000110000000000
frame2,2,32,00000000010010100000000000000000
frame3,3,32,00000001000111000000000000000010
frame4,4,32,10000000000000000101000000000100
frame5,5,32,10000000000000000010000000010000
frame6,6,32,11000000000001000001100000000000
frame7,7,32,01110000000000011100100100000011
frame8,8,32,00110100000000001000100000000100
frame9,9,32,01000100000010001000000000000001
frame10,10,32,10110000000000000000100000100011
frame11,11,32,11100000000000000101000001011001
frame12,12,32,00000000000010010000000001001001
frame13,13,32,00000001000000000000010010000010
frame14,14,32,01001000000000101000000000001100
frame15,15,32,00010100100000000110100000011010
frame16,16,32,00000000000000101001000101100100
frame17,17,32,00000000000001001111000000011010
frame18,18,32,00000000000001000111111010000000
frame19,19,32,00000000000010100000010100000000

X6Y8,LUT4AB,6,8
frame0,0,32,00000000000000000000011100000000
frame1,1,32,00000001011010100000010100000000
frame2,2,32,00000001100100101000001000100000
frame3,3,32,00000010000111100100000000010000
frame4,4,32,10000000000000000001000000000001
frame5,5,32,10000000000100000000000000000001
frame6,6,32,10000000000000100100000000000000
frame7,7,32,01110000000000000000000100000000
frame8,8,32,01101000000000000100000000000000
frame9,9,32,10001000001000000000000000000000
frame10,10,32,10000000000100010000000000000010
frame11,11,32,11000000000010010000000001001001
frame12,12,32,01011000000010101101110011001000
frame13,13,32,00010011000010001101000111001101
frame14,14,32,00000000011101011010110000101010
frame15,15,32,00110000000110000011110011000000
frame16,16,32,01100001010000000010000111110100
frame17,17,32,00110001000010001011001100100000
frame18,18,32,00011110000000110001001010011000
frame19,19,32,00000000000100001001110000000000

X7Y8,DSP_bot,7,8
frame0,0,32,00000000000000000000000000000000
frame1,1,32,00000000000000000000000000000000
frame2,2,32,00000000000000000000000000000000
frame3,3,32,00000000000000000000000000000000
frame4,4,32,00000000000000000000000000000000
frame5,5,32,00000000000000000000000000000000
frame6,6,32,00000000000000000000000000000000
frame7,7,32,00000000000000000000000000000000
frame8,8,32,00000000000000000000000000000000
frame9,9,32,00000000000000000000000000000000
frame10,10,32,00000000000000000000000000000000
frame11,11,32,00000000000000000000000000000000
frame12,12,32,00000000000000000000000000000000
frame13,13,32,00000000000000000000000000000000
frame14,14,32,00000000000000000000000000000000
frame15,15,32,00000000000000000000000000000000
frame16,16,32,00000000000000000000000000000000
frame17,17,32,00000000000000000000000000000000
frame18,18,32,00000000000000000000000000000000
frame19,19,32,00000000000000000000000000000000

X8Y8,LUT4AB,8,8
frame0,0,32,00000000000000000000000000000000
frame1,1,32,00000000000000000000000000000000
frame2,2,32,00000000000000000000000000000000
frame3,3,32,00000000000000000000000000000000
frame4,4,32,00000000000000000000000000000000
frame5,5,32,00000000000000000000000000000000
frame6,6,32,00000000000000000000000000000000
frame7,7,32,00000000000000000000000000000000
frame8,8,32,00000000000000000000000000000000
frame9,9,32,00000000000000000000000000000000
frame10,10,32,00000000000000000000000000000000
frame11,11,32,00000000000000000000000000000000
frame12,12,32,00000000000000000000000000000000
frame13,13,32,00000000000000000000000000000000
frame14,14,32,00000000000000000000000000000000
frame15,15,32,00000000000000000000000000000000
frame16,16,32,00000000000000000000000000000000
frame17,17,32,00000000000000000000000000000000
frame18,18,32,00000000000000000000000000000000
frame19,19,32,00000000000000000000000000000000

X9Y8,LUT4AB,9,8
frame0,0,32,00000000000000000000000000000000
frame1,1,32,00000000000000000000000000000000
frame2,2,32,00000000000000000000000000000000
frame3,3,32,00000000000000000000000000000000
frame4,4,32,00000000000000000000000000000000
frame5,5,32,00000000000000000000000000000000
frame6,6,32,00000000000000000000000000000000
frame7,7,32,00000000000000000000000000000000
frame8,8,32,00000000000000000000000000000000
frame9,9,32,00000000000000000000000000000000
frame10,10,32,00000000000000000000000000000000
frame11,11,32,00000000000000000000000000000000
frame12,12,32,00000000000000000000000000000000
frame13,13,32,00000000000000000000000000000000
frame14,14,32,00000000000000000000000000000000
frame15,15,32,00000000000000000000000000000000
frame16,16,32,00000000000000000000000000000000
frame17,17,32,00000000000000000000000000000000
frame18,18,32,00000000000000000000000000000000
frame19,19,32,00000000000000000000000000000000

X10Y8,RAM_IO,10,8
frame0,0,32,00000000000000000000000000000000
frame1,1,32,00000000000000000000000000000000
frame2,2,32,00000000000000000000000000000000
frame3,3,32,00000000000000000000000000000000
frame4,4,32,00000000000000000000000000000000
frame5,5,32,00000000000000000000000000000000
frame6,6,32,00000000000000000000000000000000
frame7,7,32,00000000000000000000000000000000
frame8,8,32,00000000000000000000000000000000
frame9,9,32,00000000000000000000000000000000
frame10,10,32,00000000000000000000000000000000
frame11,11,32,00000000000000000000000000000000
frame12,12,32,00000000000000000000000000000000
frame13,13,32,00000000000000000000000000000000
frame14,14,32,00000000000000000000000000000000
frame15,15,32,00000000000000000000000000000000
frame16,16,32,00000000000000000000000000000000
frame17,17,32,00000000000000000000000000000000
frame18,18,32,00000000000000000000000000000000
frame19,19,32,00000000000000000000000000000000

X0Y7,W_IO,0,7
frame0,0,32,11111011110010000000000000000000
frame1,1,32,00010000000000000000000000000000
frame2,2,32,00000000000000000000000000000000
frame3,3,32,00000000000000000000000000000000
frame4,4,32,00000000000000000000000000000000
frame5,5,32,00000000000000000000000000000000
frame6,6,32,00000000000000000000000000000000
frame7,7,32,00000000000000000000000000000000
frame8,8,32,00000000000000000000000000000000
frame9,9,32,00000000000000000000000000000000
frame10,10,32,00000000000000000000000000000000
frame11,11,32,00000000000000000000000000000000
frame12,12,32,00000000000000000000000000000000
frame13,13,32,00000000000000000000000000000000
frame14,14,32,00000000000000000000000000000000
frame15,15,32,00000000000000000000000000000000
frame16,16,32,00000000000000000000000000000000
frame17,17,32,00000000000000000000000000000000
frame18,18,32,00000000000000000000000000000000
frame19,19,32,00000000000000000000000000000000

X1Y7,LUT4AB,1,7
frame0,0,32,00000000000000000010000000010000
frame1,1,32,00000011000000100000000000001000
frame2,2,32,00000001100101110010001100100000
frame3,3,32,00000000000011010100100000010000
frame4,4,32,10000000000110110001000000001100
frame5,5,32,10000000000000111001000000010000
frame6,6,32,10010000000000100111100110000000
frame7,7,32,01110100000100101000000100101000
frame8,8,32,01000000000000000000100001000010
frame9,9,32,10010000000010000000010010011001
frame10,10,32,00100000000000000000000100000000
frame11,11,32,00000001000000000110000010101100
frame12,12,32,01010000000110110100110000111011
frame13,13,32,00001000000011111100100000100100
frame14,14,32,00001000011011001000110100101000
frame15,15,32,00000001100011100001010001010010
frame16,16,32,00011100000000000000000001100000
frame17,17,32,00000000001010000000001101001010
frame18,18,32,00001110000000001011010010110000
frame19,19,32,00000000000000000000010000000000

X2Y7,LUT4AB,2,7
frame0,0,32,00000000000000000001100001000001
frame1,1,32,00000001000000010010001000100000
frame2,2,32,00000001110111100010000000010000
frame3,3,32,00000001000000000100000000010010
frame4,4,32,00000000000100000000000000110000
frame5,5,32,10000000000100000000000000000000
frame6,6,32,00000000000001010000000000000001
frame7,7,32,11110100000100100000000100000000
frame8,8,32,11101100000000000100000010000000
frame9,9,32,10000000010000000000000000010001
frame10,10,32,10000000000100010110010000001000
frame11,11,32,11000000000100011001100110001001
frame12,12,32,00000100000000101101100100001000
frame13,13,32,00000001000000101100100000001001
frame14,14,32,01001001010101101100000011110000
frame15,15,32,01111101000000101110000001100000
frame16,16,32,00110001100010000111000000000000
frame17,17,32,00100000001000000110000000000000
frame18,18,32,00000000000000000000101011011000
frame19,19,32,00000001000000001100001100000000

X3Y7,RegFile,3,7
frame0,0,32,00000000000000000000000000000000
frame1,1,32,00100000000000000000000000000000
frame2,2,32,00000000000000000000000000000000
frame3,3,32,00000000000000000000000000000000
frame4,4,32,00000000000000000000000000000000
frame5,5,32,00000000000000000000000000000000
frame6,6,32,00000000000000000000000000000000
frame7,7,32,00000000000000000000000000000000
frame8,8,32,00000000000000000000000000000000
frame9,9,32,00000000000000000000000000000000
frame10,10,32,00000000000000000000000000000000
frame11,11,32,00000000000000000000000000000000
frame12,12,32,00000000000000000000000000000000
frame13,13,32,00000000000000000000000000000000
frame14,14,32,00000000000000000000000000000000
frame15,15,32,00000000000000000000000000000000
frame16,16,32,00000000000000000000000000000000
frame17,17,32,00000000000000000000000000000000
frame18,18,32,00000000000000000000000000000000
frame19,19,32,00000000000000000000000000000000

X4Y7,LUT4AB,4,7
frame0,0,32,00000000000000000000100000000000
frame1,1,32,00000001000000000000000000100000
frame2,2,32,00000001000000011000000000000000
frame3,3,32,00000010000010000000100000000000
frame4,4,32,10000000000010000000000000000000
frame5,5,32,10000010001000000000000000100000
frame6,6,32,10000000000001010000000000000000
frame7,7,32,01110100000001101010011000010000
frame8,8,32,00001000000000000001100000000000
frame9,9,32,00011000000010100000010011000001
frame10,10,32,00000000000001010110010111110011
frame11,11,32,11000000000000111100100001100000
frame12,12,32,00000100000000010000010000010100
frame13,13,32,00000001000000001100000010100000
frame14,14,32,01000000000010011000100001000000
frame15,15,32,01110001000001100111000001000010
frame16,16,32,01100000110100001110000000000000
frame17,17,32,00000100110110000010000001001000
frame18,18,32,00001011010001100011011000110000
frame19,19,32,00000000000000001000000000000000

X5Y7,LUT4AB,5,7
frame0,0,32,00000000000000000000000000000000
frame1,1,32,00000000000000000110000100001000
frame2,2,32,00000000001000000101000000100000
frame3,3,32,00000010000000010101000000000000
frame4,4,32,00000000010010000010000000001100
frame5,5,32,00000000000000100100000000000000
frame6,6,32,00001000000000000000000000000000
frame7,7,32,10000100000000000101100000000000
frame8,8,32,10000100000000000000000000000000
frame9,9,32,00000000000000000000000000000000
frame10,10,32,00000000000000000000000000000000
frame11,11,32,00000000000000000000000000000011
frame12,12,32,00000000000000000000001000100000
frame13,13,32,00001000000000000001100001000000
frame14,14,32,00000000000010010000010000000000
frame15,15,32,00100001000000001100000000000110
frame16,16,32,00000100000011010110000000000000
frame17,17,32,00000000000011010001000000000000
frame18,18,32,00000000000001000001000000000000
frame19,19,32,00000000000000000000010011000000

X6Y7,LUT4AB,6,7
frame0,0,32,00000000000000000001000001000000
frame1,1,32,00000000100000110000000000000000
frame2,2,32,00000001100000000000000100000000
frame3,3,32,00000010000110100100100000000000
frame4,4,32,10000000010101000000000100110000
frame5,5,32,10000000000000000000000000100000
frame6,6,32,11000100000000110100000000000000
frame7,7,32,01110000000010110000001100000010
frame8,8,32,00110000100000000000000000000000
frame9,9,32,00000000000000000000011010100001
frame10,10,32,10000000000010001101100011111011
frame11,11,32,00000000000000001000010001110001
frame12,12,32,00000000000000001100100010110000
frame13,13,32,00000000000001101000010000000011
frame14,14,32,00000000001000001000110000001100
frame15,15,32,00000000000011001000000011010000
frame16,16,32,00001000000000000001000000100100
frame17,17,32,00000001000000000000000100100010
frame18,18,32,00011111111000000000001010011000
frame19,19,32,00000000000000000000001000000000

X7Y7,DSP_top,7,7
frame0,0,32,00000000000000000000000000000000
frame1,1,32,00000000000000000000000000000000
frame2,2,32,00000000000000000000000000000000
frame3,3,32,00000000000000000000000000000000
frame4,4,32,00000000000000000000000000000000
frame5,5,32,00000000000000000000000000000000
frame6,6,32,00000000000000000000000000000000
frame7,7,32,00000000000000000000000000000000
frame8,8,32,00000000000000000000000000000000
frame9,9,32,00000000000000000000000000000000
frame10,10,32,00000000000000000000000000000000
frame11,11,32,00000000000000000000000000000000
frame12,12,32,00000000000000000000000000000000
frame13,13,32,00000000000000000000000000000000
frame14,14,32,00000000000000000000000000000000
frame15,15,32,00000000000000000000000000000000
frame16,16,32,00000000000000000000000000000000
frame17,17,32,00000000000000000000000000000000
frame18,18,32,00000000000000000000000000000000
frame19,19,32,00000000000000000000000000000000

X8Y7,LUT4AB,8,7
frame0,0,32,00000000000000000000000000000000
frame1,1,32,00000000000000000000000000000000
frame2,2,32,00000000000000000000000000000000
frame3,3,32,00000000000000000000000000000000
frame4,4,32,00000000000000000000000000000000
frame5,5,32,00000000000000000000000000000000
frame6,6,32,00000000000000000000000000000000
frame7,7,32,00000000000000000000000000000000
frame8,8,32,00000000000000000000000000000000
frame9,9,32,00000000000000000000000000000000
frame10,10,32,00000000000000000000000000000000
frame11,11,32,00000000000000000000000000000000
frame12,12,32,00000000000000000000000000000000
frame13,13,32,00000000000000000000000000000000
frame14,14,32,00000000000000000000000000000000
frame15,15,32,00000000000000000000000000000000
frame16,16,32,00000000000000000000000000000000
frame17,17,32,00000000000000000000000000000000
frame18,18,32,00000000000000000000000000000000
frame19,19,32,00000000000000000000000000000000

X9Y7,LUT4AB,9,7
frame0,0,32,00000000000000000000000000000000
frame1,1,32,00000000000000000000000000000000
frame2,2,32,00000000000000000000000000000000
frame3,3,32,00000000000000000000000000000000
frame4,4,32,00000000000000000000000000000000
frame5,5,32,00000000000000000000000000000000
frame6,6,32,00000000000000000000000000000000
frame7,7,32,00000000000000000000000000000000
frame8,8,32,00000000000000000000000000000000
frame9,9,32,00000000000000000000000000000000
frame10,10,32,00000000000000000000000000000000
frame11,11,32,00000000000000000000000000000000
frame12,12,32,00000000000000000000000000000000
frame13,13,32,00000000000000000000000000000000
frame14,14,32,00000000000000000000000000000000
frame15,15,32,00000000000000000000000000000000
frame16,16,32,00000000000000000000000000000000
frame17,17,32,00000000000000000000000000000000
frame18,18,32,00000000000000000000000000000000
frame19,19,32,00000000000000000000000000000000

X10Y7,RAM_IO,10,7
frame0,0,32,00000000000000000000000000000000
frame1,1,32,00000000000000000000000000000000
frame2,2,32,00000000000000000000000000000000
frame3,3,32,00000000000000000000000000000000
frame4,4,32,00000000000000000000000000000000
frame5,5,32,00000000000000000000000000000000
frame6,6,32,00000000000000000000000000000000
frame7,7,32,00000000000000000000000000000000
frame8,8,32,00000000000000000000000000000000
frame9,9,32,00000000000000000000000000000000
frame10,10,32,00000000000000000000000000000000
frame11,11,32,00000000000000000000000000000000
frame12,12,32,00000000000000000000000000000000
frame13,13,32,00000000000000000000000000000000
frame14,14,32,00000000000000000000000000000000
frame15,15,32,00000000000000000000000000000000
frame16,16,32,00000000000000000000000000000000
frame17,17,32,00000000000000000000000000000000
frame18,18,32,00000000000000000000000000000000
frame19,19,32,00000000000000000000000000000000

X0Y6,W_IO,0,6
frame0,0,32,11111011110000000000000000000000
frame1,1,32,00000000000000000000000000000000
frame2,2,32,00000000000000100010000000000000
frame3,3,32,00000000000000000000000000000000
frame4,4,32,00000000000000000000000000000000
frame5,5,32,00000000000000000000000000000000
frame6,6,32,00000000000000000000000000000000
frame7,7,32,00000000000000000000000000000000
frame8,8,32,00000000000000000000000000000000
frame9,9,32,00000000000000000000000000000000
frame10,10,32,00000000000000000000000000000000
frame11,11,32,00000000000000000000000000000000
frame12,12,32,00000000000000000000000000000000
frame13,13,32,00000000000000000000000000000000
frame14,14,32,00000000000000000000000000000000
frame15,15,32,00000000000000000000000000000000
frame16,16,32,00000000000000000000000000000000
frame17,17,32,00000000000000000000000000000000
frame18,18,32,00000000000000000000000000000000
frame19,19,32,00000000000000000000000000000000

X1Y6,LUT4AB,1,6
frame0,0,32,00000000000000000000000001010010
frame1,1,32,00000011000110001000000000000000
frame2,2,32,00000001000000100010000100010000
frame3,3,32,00000011001000100100100000110010
frame4,4,32,00000000010000101000000000110001
frame5,5,32,10000000000000000000000010000001
frame6,6,32,01000000000000100000000000000000
frame7,7,32,10011000000000000000000100000011
frame8,8,32,11010100000010001010000010010110
frame9,9,32,10100000001001011000100110110100
frame10,10,32,00000100001000000000100001100000
frame11,11,32,00000010000000000101000000000001
frame12,12,32,10000000000000010000000100000000
frame13,13,32,10000011000001101001000110000100
frame14,14,32,00100100001010001000110010011000
frame15,15,32,00000000000001000010010010111000
frame16,16,32,00010000010000000000000010010100
frame17,17,32,00000110001100011000111100011010
frame18,18,32,00101010101000100000000001111000
frame19,19,32,00000001110000000000001100000000

X2Y6,LUT4AB,2,6
frame0,0,32,00000000000000000001110100000000
frame1,1,32,00000011100000000110001100000000
frame2,2,32,00000000010011100010101100000000
frame3,3,32,00000001111000000100100000000000
frame4,4,32,00000000011110100000010000000000
frame5,5,32,00010000000000000001000000000000
frame6,6,32,01000000000000111000000110000000
frame7,7,32,00000000000100000010000000000001
frame8,8,32,00010000000001010001010000000100
frame9,9,32,00000000000000000000000000010101
frame10,10,32,00100000000000000010000000111100
frame11,11,32,00000000000100000100000000000000
frame12,12,32,10000010000000000000000001000000
frame13,13,32,10000000000010010001010010000000
frame14,14,32,00000000000001001000110001010000
frame15,15,32,00001001100000100000010000001000
frame16,16,32,00101001100000000000000010010000
frame17,17,32,00010110000001000001111100000000
frame18,18,32,00000000011001111111000000001000
frame19,19,32,00000000000000000101000000000000

X3Y6,RegFile,3,6
frame0,0,32,00000000000000000000000000000000
frame1,1,32,00000000011100000000000000000000
frame2,2,32,00000000000000000000000000000000
frame3,3,32,00000000100000100000000000000000
frame4,4,32,00000000000000000000000000000000
frame5,5,32,00000000000000000000000000000000
frame6,6,32,00000000000000000000000000000000
frame7,7,32,00000000000000000000000000000000
frame8,8,32,00000000000000000000000000000000
frame9,9,32,00000000000000000000000000000000
frame10,10,32,00000000001000000000000000000000
frame11,11,32,00000000000000000000000000000000
frame12,12,32,00000000000000000000000000000000
frame13,13,32,00000000000000000000000000000000
frame14,14,32,00000000000000000000000000000000
frame15,15,32,00000000000000000000000000000000
frame16,16,32,00000000000000000000000000000000
frame17,17,32,00000000000000000000000000000000
frame18,18,32,00000000000000000000000000000000
frame19,19,32,00000000000000000000000000000000

X4Y6,LUT4AB,4,6
frame0,0,32,00000000100000000000000110000000
frame1,1,32,00000000100000001100010000000000
frame2,2,32,00000000011000100100000100110000
frame3,3,32,00000000000000011100100000000000
frame4,4,32,00000000010000000101000000111101
frame5,5,32,00000000000000000000000000000001
frame6,6,32,00000000000000000000000000000000
frame7,7,32,10000000010100000010000000000000
frame8,8,32,10000000000000010000101010000000
frame9,9,32,00001000000001100000000011000000
frame10,10,32,00000000000100000001000011000000
frame11,11,32,00000000000110000000000000000000
frame12,12,32,10001000000010000000010000100000
frame13,13,32,10010000000010010001000000000000
frame14,14,32,00010000010000000000000010010000
frame15,15,32,00000000000000000001110000101000
frame16,16,32,00101001100000000000000001110000
frame17,17,32,00010000000111000000001100000000
frame18,18,32,00010110000001110011000000000000
frame19,19,32,00000000000000000010000100000000

X5Y6,LUT4AB,5,6
frame0,0,32,00000000000000001110000000010000
frame1,1,32,00000000011010000000000000100000
frame2,2,32,00000001010001111000001000010000
frame3,3,32,01000001000000000000000010010000
frame4,4,32,00000000000010000100010100000001
frame5,5,32,10000000000000100000000000100001
frame6,6,32,00010000000000110100000000000000
frame7,7,32,01110000000100010000100100000010
frame8,8,32,01001010000000011001000000000000
frame9,9,32,10000000000000000000000000100001
frame10,10,32,00000000000100001010011000001000
frame11,11,32,11000001000000000000100000100100
frame12,12,32,01010000000010000001000010000010
frame13,13,32,00000000000000100001000000000101
frame14,14,32,01001010001011000000000000001000
frame15,15,32,01000101100011100011010010010010
frame16,16,32,00011000000000011000000001000000
frame17,17,32,00000000000001011100011100000010
frame18,18,32,00000000000000101000111011111000
frame19,19,32,00000000000100000000010000000000

X6Y6,LUT4AB,6,6
frame0,0,32,00000000000000000000101000011010
frame1,1,32,00000001000000101110100000000000
frame2,2,32,00000001100100000000010000110000
frame3,3,32,00000001000001101100100000000000
frame4,4,32,00000000000011001001100000101001
frame5,5,32,10000000000000001000000000000000
frame6,6,32,00001000000000101001000010000001
frame7,7,32,11111000000000000111110100100011
frame8,8,32,10100000000000000001011110000000
frame9,9,32,10101000000001001000001000101001
frame10,10,32,10000000000001000011000011110000
frame11,11,32,00000000000000000000000010101010
frame12,12,32,00001010000000111100010001101000
frame13,13,32,00011001000010010000100010001000
frame14,14,32,00010000000010000000110001100000
frame15,15,32,00101001100000000000000000011111
frame16,16,32,00011000000001000000000000000000
frame17,17,32,00010111000010000001000000000010
frame18,18,32,00000001000000000010000010001000
frame19,19,32,00000000000000000011110000000000

X7Y6,DSP_bot,7,6
frame0,0,32,00000000000000000000110000000000
frame1,1,32,00000000000000000010000000000000
frame2,2,32,00000000000000000000001100000000
frame3,3,32,00000000000000000000010000000000
frame4,4,32,00000000000000000000000000000000
frame5,5,32,00000000000000000000000000000000
frame6,6,32,00000000000000010000000000000000
frame7,7,32,00000000000000000000000000000000
frame8,8,32,00000000000000000000000000000000
frame9,9,32,00000000000000000000000000000010
frame10,10,32,00001100000000000000000000000000
frame11,11,32,00000000000000000000000000010000
frame12,12,32,00000000000000000000000110000000
frame13,13,32,00000000000000000000000000000000
frame14,14,32,00000000000000000000000000000000
frame15,15,32,00000000000000000000000000000000
frame16,16,32,00000000000000000000000000000000
frame17,17,32,00000000000000000000000000000000
frame18,18,32,00000000000000000000000000000000
frame19,19,32,00000000000000000000000000000000

X8Y6,LUT4AB,8,6
frame0,0,32,00000000000000000000000000000000
frame1,1,32,00000010000000000000000000000000
frame2,2,32,00000000000000000000000000000000
frame3,3,32,00000000000000000000000000000000
frame4,4,32,00000000000000000000000000000000
frame5,5,32,00000000000000000000000000000000
frame6,6,32,00000000000000000000000000000000
frame7,7,32,00000000000000000000000000000000
frame8,8,32,00000000000000000000000000000000
frame9,9,32,00000000000000000000000000000000
frame10,10,32,00000000000000000000000000000000
frame11,11,32,00000000000000000000000000000000
frame12,12,32,00000000000000000000000000000000
frame13,13,32,00000000000000000000000000000000
frame14,14,32,00000000000000000000000000000000
frame15,15,32,00000000000000000000000000000000
frame16,16,32,00000000000000000000000000000000
frame17,17,32,00000000000000000000000000000000
frame18,18,32,00000000000000000000000000000000
frame19,19,32,00000000000000000000000000000000

X9Y6,LUT4AB,9,6
frame0,0,32,00000000000000000000000000000000
frame1,1,32,00000000000000000000000000000000
frame2,2,32,00000000000000000000000000000000
frame3,3,32,00000000000000000000000000000000
frame4,4,32,00000000000000000000000000000000
frame5,5,32,00000000000000000000000000000000
frame6,6,32,00000000000000000000000000000000
frame7,7,32,00000000000000000000000000000000
frame8,8,32,00000000000000000000000000000000
frame9,9,32,00000000000000000000000000000000
frame10,10,32,00000000000000000000000000000000
frame11,11,32,00000000000000000000000000000000
frame12,12,32,00000000000000000000000000000000
frame13,13,32,00000000000000000000000000000000
frame14,14,32,00000000000000000000000000000000
frame15,15,32,00000000000000000000000000000000
frame16,16,32,00000000000000000000000000000000
frame17,17,32,00000000000000000000000000000000
frame18,18,32,00000000000000000000000000000000
frame19,19,32,00000000000000000000000000000000

X10Y6,RAM_IO,10,6
frame0,0,32,00000000000000000000000000000000
frame1,1,32,00000000000000000000000000000000
frame2,2,32,00000000000000000000000000000000
frame3,3,32,00000000000000000000000000000000
frame4,4,32,00000000000000000000000000000000
frame5,5,32,00000000000000000000000000000000
frame6,6,32,00000000000000000000000000000000
frame7,7,32,00000000000000000000000000000000
frame8,8,32,00000000000000000000000000000000
frame9,9,32,00000000000000000000000000000000
frame10,10,32,00000000000000000000000000000000
frame11,11,32,00000000000000000000000000000000
frame12,12,32,00000000000000000000000000000000
frame13,13,32,00000000000000000000000000000000
frame14,14,32,00000000000000000000000000000000
frame15,15,32,00000000000000000000000000000000
frame16,16,32,00000000000000000000000000000000
frame17,17,32,00000000000000000000000000000000
frame18,18,32,00000000000000000000000000000000
frame19,19,32,00000000000000000000000000000000

X0Y5,W_IO,0,5
frame0,0,32,11111111101111000000000000000000
frame1,1,32,00000000000000000000000000000000
frame2,2,32,00001100000000001000000000000000
frame3,3,32,00000000000000000000000000000000
frame4,4,32,00000000000000000000000000000000
frame5,5,32,00000000000000000000000000000000
frame6,6,32,00000000000000000000000000000000
frame7,7,32,00000000000000000000000000000000
frame8,8,32,00000000000000000000000000000000
frame9,9,32,00000000000000000000000000000000
frame10,10,32,00000000000000000000000000000000
frame11,11,32,00000000000000000000000000000000
frame12,12,32,00000000000000000000000000000000
frame13,13,32,00000000000000000000000000000000
frame14,14,32,00000000000000000000000000000000
frame15,15,32,00000000000000000000000000000000
frame16,16,32,00000000000000000000000000000000
frame17,17,32,00000000000000000000000000000000
frame18,18,32,00000000000000000000000000000000
frame19,19,32,00000000000000000000000000000000

X1Y5,LUT4AB,1,5
frame0,0,32,00000000000000000000000001010000
frame1,1,32,00000001001010000111001000000000
frame2,2,32,00000001100100110000001000100000
frame3,3,32,10000010100010001100100000000000
frame4,4,32,00010010010001000011000000111100
frame5,5,32,00000000001100000001000000000000
frame6,6,32,00000000000001001000000000000100
frame7,7,32,11100100000100010110100000000111
frame8,8,32,10100000000000010100000000000000
frame9,9,32,00001000011000001000010100100001
frame10,10,32,10000011010100010001000100111100
frame11,11,32,00000000000000010000000000101010
frame12,12,32,00001000000010101101010000101000
frame13,13,32,00010000001010001100000001001001
frame14,14,32,00010000001100010010000000100010
frame15,15,32,01000000100001110010010010000100
frame16,16,32,00011100100000001111000000010000
frame17,17,32,00110010100000000001001000000000
frame18,18,32,00110101111001110011111011111000
frame19,19,32,00000000000000001000001011000000

X2Y5,LUT4AB,2,5
frame0,0,32,00000000000000000000110000000000
frame1,1,32,00000000000110000010000000000000
frame2,2,32,00000001000101101000001000110000
frame3,3,32,00000000000010000000000010000010
frame4,4,32,00000000000000000011000010001000
frame5,5,32,00000000000000000010000000000000
frame6,6,32,00000100000001000000000100000000
frame7,7,32,01100000000000000010000010000010
frame8,8,32,01000000100000010000001000000000
frame9,9,32,11000000000000100000000000100000
frame10,10,32,00000000000100001000000000000000
frame11,11,32,00100000000110001000000000000100
frame12,12,32,01010000000000100001000000000110
frame13,13,32,00000000000001100000000001000100
frame14,14,32,00000000000010100010000000001000
frame15,15,32,00000000000011010100000000000000
frame16,16,32,00011100000110101000000000000000
frame17,17,32,00000111000010000111000000000000
frame18,18,32,00000001111000111001000000000000
frame19,19,32,00000000000000101000100000000000

X3Y5,RegFile,3,5
frame0,0,32,00000000000000000000000000000000
frame1,1,32,00000000000000000000000000000000
frame2,2,32,00000000000000000000000000000000
frame3,3,32,00000000000000000000000000000000
frame4,4,32,00000000000000000000000000000000
frame5,5,32,00000000000000000000000000000000
frame6,6,32,00000000000000000000000000000000
frame7,7,32,00000000000000000000000000000000
frame8,8,32,00000000000000000000000000000000
frame9,9,32,00000000000000000000000000000000
frame10,10,32,00000000000000000000000000000000
frame11,11,32,00000000000000000000000000000000
frame12,12,32,00000000000000000000000000000000
frame13,13,32,00000000000000000000000000000000
frame14,14,32,00000000000000000000000000000000
frame15,15,32,00000000000000000000000000000000
frame16,16,32,00000000000000000000000000000000
frame17,17,32,00000000000000000000000000000000
frame18,18,32,00000000000000000000000000000000
frame19,19,32,00000000000000000000000000000000

X4Y5,LUT4AB,4,5
frame0,0,32,00000000000000000010001000010001
frame1,1,32,00000011000000000000000000000100
frame2,2,32,00000001100000000000000100100000
frame3,3,32,00000000000000011100000000000010
frame4,4,32,00000000000100000101000000000000
frame5,5,32,00000000000000000010000000010000
frame6,6,32,00000000000000010000100000000000
frame7,7,32,11100100000100101000000000000101
frame8,8,32,10000000000000000100100000000000
frame9,9,32,01010000000010000000010000000000
frame10,10,32,00000000000000010000100100000000
frame11,11,32,00100000000000000101001000101010
frame12,12,32,00000000000010000100100000011001
frame13,13,32,00000000000000000101000000000010
frame14,14,32,01000001000000000000000000000000
frame15,15,32,00000000000000000000100000000100
frame16,16,32,00000000100000000000000000010000
frame17,17,32,00110000100000000000000000000000
frame18,18,32,00000000000000000000000000000000
frame19,19,32,00000000000000000000000000000000

X5Y5,LUT4AB,5,5
frame0,0,32,00000000000000001000000011011001
frame1,1,32,00000000000000110010001100000000
frame2,2,32,00000001100000101001101000100000
frame3,3,32,10000000000111100001100010010000
frame4,4,32,00010000000000000000000100111001
frame5,5,32,00000000000100000001000000100001
frame6,6,32,00001000000000000100000000000000
frame7,7,32,11101000000100010100001110000000
frame8,8,32,10100100000000000000000000000000
frame9,9,32,00101000000000011000010000001001
frame10,10,32,10000000000000010001000100000000
frame11,11,32,00000000000000000000000010101100
frame12,12,32,01011100000010001100000000001010
frame13,13,32,00010000000000100000000001001001
frame14,14,32,00110000001000100010110010100010
frame15,15,32,00001000000000000000010000100000
frame16,16,32,00000000000000000100000000010000
frame17,17,32,00000101000101000000011001001000
frame18,18,32,00100000010001110000010000100000
frame19,19,32,00000000000000100000100000000000

X6Y5,LUT4AB,6,5
frame0,0,32,00000000000000000000000101000000
frame1,1,32,00000011000101100001010000100000
frame2,2,32,00000000110000110100000000010000
frame3,3,32,00000001100111001100100000010000
frame4,4,32,10000000000001000000000010110000
frame5,5,32,00000000000000000010000000000000
frame6,6,32,10000000000000111000000000000000
frame7,7,32,10001000000001010110000000000010
frame8,8,32,10001000000000000000110100000100
frame9,9,32,00101000001101101010010100110001
frame10,10,32,00100000000101010101010100110111
frame11,11,32,11000000000010110110011001000110
frame12,12,32,00001000000000010001100101010000
frame13,13,32,00011100000000001100000111000000
frame14,14,32,00010000000010000000000000110000
frame15,15,32,00100001100000010110000000000111
frame16,16,32,01011100000000000001000000100000
frame17,17,32,00010100011000000011000100000000
frame18,18,32,00100000000000111001000000001000
frame19,19,32,00000000000000001000000000000000

X7Y5,DSP_top,7,5
frame0,0,32,00000000000000000000000000000000
frame1,1,32,00000000000000000000000000000000
frame2,2,32,00000000000000000000000000000000
frame3,3,32,00000000000000000000000000000000
frame4,4,32,00000000000000000000000000000000
frame5,5,32,00000000000000000000000000000000
frame6,6,32,00000000000000000000000000000000
frame7,7,32,00000000000000000000000000000000
frame8,8,32,00000000000000000000000000000000
frame9,9,32,00000000000000000000000000000000
frame10,10,32,00000000000000000000000000000000
frame11,11,32,00000000000000000000000000000000
frame12,12,32,00000000000000000000000000000000
frame13,13,32,00000000000000000000000000000000
frame14,14,32,00000000000000000000000000000000
frame15,15,32,00000000000000000000000000000000
frame16,16,32,00000000000000000000000000000000
frame17,17,32,00000000000000000000000000000000
frame18,18,32,00000000000000000000000000000000
frame19,19,32,00000000000000000000000000000000

X8Y5,LUT4AB,8,5
frame0,0,32,00000000000000000000000000000000
frame1,1,32,00000000000000000000000000000000
frame2,2,32,00000000000000000000000000000000
frame3,3,32,00000000000000000000000000000000
frame4,4,32,00000000000000000000000000000000
frame5,5,32,00000000000000000000000000000000
frame6,6,32,00000000000000000000000000000000
frame7,7,32,00000000000000000000000000000000
frame8,8,32,00000000000000000000000000000000
frame9,9,32,00000000000000000000000000000000
frame10,10,32,00000000000000000000000000000000
frame11,11,32,00000000000000000000000000000000
frame12,12,32,00000000000000000000000000000000
frame13,13,32,00000000000000000000000000000000
frame14,14,32,00000000000000000000000000000000
frame15,15,32,00000000000000000000000000000000
frame16,16,32,00000000000000000000000000000000
frame17,17,32,00000000000000000000000000000000
frame18,18,32,00000000000000000000000000000000
frame19,19,32,00000000000000000000000000000000

X9Y5,LUT4AB,9,5
frame0,0,32,00000000000000000000000000000000
frame1,1,32,00000000000000000000000000000000
frame2,2,32,00000000000000000000000000000000
frame3,3,32,00000000000000000000000000000000
frame4,4,32,00000000000000000000000000000000
frame5,5,32,00000000000000000000000000000000
frame6,6,32,00000000000000000000000000000000
frame7,7,32,00000000000000000000000000000000
frame8,8,32,00000000000000000000000000000000
frame9,9,32,00000000000000000000000000000000
frame10,10,32,00000000000000000000000000000000
frame11,11,32,00000000000000000000000000000000
frame12,12,32,00000000000000000000000000000000
frame13,13,32,00000000000000000000000000000000
frame14,14,32,00000000000000000000000000000000
frame15,15,32,00000000000000000000000000000000
frame16,16,32,00000000000000000000000000000000
frame17,17,32,00000000000000000000000000000000
frame18,18,32,00000000000000000000000000000000
frame19,19,32,00000000000000000000000000000000

X10Y5,RAM_IO,10,5
frame0,0,32,00000000000000000000000000000000
frame1,1,32,00000000000000000000000000000000
frame2,2,32,00000000000000000000000000000000
frame3,3,32,00000000000000000000000000000000
frame4,4,32,00000000000000000000000000000000
frame5,5,32,00000000000000000000000000000000
frame6,6,32,00000000000000000000000000000000
frame7,7,32,00000000000000000000000000000000
frame8,8,32,00000000000000000000000000000000
frame9,9,32,00000000000000000000000000000000
frame10,10,32,00000000000000000000000000000000
frame11,11,32,00000000000000000000000000000000
frame12,12,32,00000000000000000000000000000000
frame13,13,32,00000000000000000000000000000000
frame14,14,32,00000000000000000000000000000000
frame15,15,32,00000000000000000000000000000000
frame16,16,32,00000000000000000000000000000000
frame17,17,32,00000000000000000000000000000000
frame18,18,32,00000000000000000000000000000000
frame19,19,32,00000000000000000000000000000000

X0Y4,W_IO,0,4
frame0,0,32,00000000000000000000000000000000
frame1,1,32,00000000000000000000000000000000
frame2,2,32,00000000000000000000000000000000
frame3,3,32,00000000000000000000000000000000
frame4,4,32,00000000000000000000000000000000
frame5,5,32,00000000000000000000000000000000
frame6,6,32,00000000000000000000000000000000
frame7,7,32,00000000000000000000000000000000
frame8,8,32,00000000000000000000000000000000
frame9,9,32,00000000000000000000000000000000
frame10,10,32,00000000000000000000000000000000
frame11,11,32,00000000000000000000000000000000
frame12,12,32,00000000000000000000000000000000
frame13,13,32,00000000000000000000000000000000
frame14,14,32,00000000000000000000000000000000
frame15,15,32,00000000000000000000000000000000
frame16,16,32,00000000000000000000000000000000
frame17,17,32,00000000000000000000000000000000
frame18,18,32,00000000000000000000000000000000
frame19,19,32,00000000000000000000000000000000

X1Y4,LUT4AB,1,4
frame0,0,32,00000000000000000010000000100000
frame1,1,32,00000000101111010010010000000000
frame2,2,32,00000000110001110000001000010000
frame3,3,32,00000011000111100011000000010000
frame4,4,32,01000100000011000011110010000001
frame5,5,32,10000000000000110010000000100001
frame6,6,32,00001000000010111001001000000000
frame7,7,32,00010000000101001010010100000010
frame8,8,32,00101000000000000100000010000100
frame9,9,32,01000000000110000000010000100000
frame10,10,32,10110000000000010000010011001101
frame11,11,32,11100000000000000110000000000001
frame12,12,32,00000000000010100000100000100001
frame13,13,32,00001100001011110000011001000010
frame14,14,32,00000000011010000000010001000100
frame15,15,32,00100001100000000000000000010010
frame16,16,32,01111000010000000010000001100000
frame17,17,32,00110000000010011000001100000010
frame18,18,32,00000001111001001001001010000000
frame19,19,32,00000000000000000010000010000000

X2Y4,LUT4AB,2,4
frame0,0,32,00000000000000000000000001110000
frame1,1,32,00000010111011011101100010000000
frame2,2,32,00000000100001001010101001110000
frame3,3,32,01000001101010110100100000000010
frame4,4,32,00000100011000000101000000111000
frame5,5,32,10000010000110000010000000000000
frame6,6,32,01000000000000000001000000000000
frame7,7,32,11111000000000000100000110000010
frame8,8,32,11111100000000000111000100000000
frame9,9,32,11110000000100001000001100100001
frame10,10,32,10100000000000110011000000001001
frame11,11,32,00100001000000110000110000110011
frame12,12,32,00000100000000100100000000010100
frame13,13,32,00000001100001010100010001000000
frame14,14,32,01101000010110011010000010001100
frame15,15,32,01010000100010100001000011100000
frame16,16,32,00101000010001000000000001010100
frame17,17,32,00110001001100000010001001011000
frame18,18,32,00000110000000000000010010000000
frame19,19,32,00000000000000000100001101100000

X3Y4,RegFile,3,4
frame0,0,32,00000000000000000000000000000000
frame1,1,32,00000000000000000000000000000000
frame2,2,32,00000000000000000000000000000000
frame3,3,32,00000000001000100000000000000000
frame4,4,32,00000000000000000000000000000000
frame5,5,32,00000000000000000000000000000000
frame6,6,32,00000000000000000000000000000000
frame7,7,32,00000000000000000000000000000000
frame8,8,32,00000000000000000000000000000000
frame9,9,32,00000000000000000000000000000000
frame10,10,32,00000000000000000000000000000000
frame11,11,32,00000000000000000000000000000000
frame12,12,32,00000000000000000000000000000000
frame13,13,32,00000000000000000000000000000000
frame14,14,32,00000000000000000000000000000000
frame15,15,32,00000000000000000000000000000000
frame16,16,32,00000000000000000000000000000000
frame17,17,32,00000000000000000000000000000000
frame18,18,32,00000000000000000000000000000000
frame19,19,32,00000000000000000000000000000000

X4Y4,LUT4AB,4,4
frame0,0,32,00000000000000000000000100011000
frame1,1,32,00000010000110111010000000101000
frame2,2,32,00000001100100001000000000010000
frame3,3,32,01000000000011000100100000000010
frame4,4,32,10000000010100000001001000000001
frame5,5,32,00000000000001100010000000000000
frame6,6,32,10000000000000011000000000000000
frame7,7,32,01101100000001000000100000000010
frame8,8,32,00001000000000000010000010000010
frame9,9,32,01101000001001011000010010101100
frame10,10,32,00000000000001010001110110000110
frame11,11,32,11100001000000001100100010000000
frame12,12,32,10001100000000100000000101110100
frame13,13,32,10010000000000100101010111010010
frame14,14,32,01010000000000001010110101110000
frame15,15,32,00100000000000000100010010001011
frame16,16,32,01000100010000000000000001100000
frame17,17,32,00100111000001000010000000000000
frame18,18,32,00000000111001111000000001111000
frame19,19,32,00000000000000000000000000000000

X5Y4,LUT4AB,5,4
frame0,0,32,00000000000000000001010000000000
frame1,1,32,00000011110110000010100000000000
frame2,2,32,00000001001110011100000000100000
frame3,3,32,00000000100010000011000010000010
frame4,4,32,00000000000010000011010000001000
frame5,5,32,00000000000001000000000000100000
frame6,6,32,10010000000000010000000000000000
frame7,7,32,01100000000000001001101000001110
frame8,8,32,00000010000000001100111000000000
frame9,9,32,01000000000010100010011111100000
frame10,10,32,00110000000000010001000111000111
frame11,11,32,00100000000010000110000001001000
frame12,12,32,00000000000010100000000001001100
frame13,13,32,00000000000010000000000010000000
frame14,14,32,00000000011011100000000010010010
frame15,15,32,00001000000010000110000000000000
frame16,16,32,00100000000000101000000000000000
frame17,17,32,00000010000100001000000010000000
frame18,18,32,00000010001000000000000000000000
frame19,19,32,00000000000000000001110000000000

X6Y4,LUT4AB,6,4
frame0,0,32,00000000000000000001100111000000
frame1,1,32,00000000000000110110100000000100
frame2,2,32,00000000101000000100011000010000
frame3,3,32,00000000000001000000000000000000
frame4,4,32,00000000000000000000000000000000
frame5,5,32,00000000000000000001000000000000
frame6,6,32,00001000000000000000001000000000
frame7,7,32,01100100000000011000001000000000
frame8,8,32,00100000000000000000001000000000
frame9,9,32,00010000000010000000001010000001
frame10,10,32,10000000000000001001000000000010
frame11,11,32,00000000000000000100000000000100
frame12,12,32,01011000000000000000001001010010
frame13,13,32,00010000000000000000000011101001
frame14,14,32,01000000000000000000000000100010
frame15,15,32,00100000000000000111010000000000
frame16,16,32,00000100000000000001000011000000
frame17,17,32,00000000000000001000000000000000
frame18,18,32,00100001000000000000000000000000
frame19,19,32,00000000000000000101000001000000

X7Y4,DSP_bot,7,4
frame0,0,32,00000000000000000000000000000000
frame1,1,32,00000000000000000000010000000000
frame2,2,32,00000000000000000000000000000000
frame3,3,32,00000000000000000000000000000000
frame4,4,32,00000000000000000000000000000000
frame5,5,32,00000000000000000000000000000000
frame6,6,32,00000000000000000000000000000000
frame7,7,32,00000000000000000000000000000000
frame8,8,32,00000000000000000000000000000000
frame9,9,32,00000000000000000000000000000000
frame10,10,32,00000000000000000000000000000000
frame11,11,32,00000000000000000000000000000000
frame12,12,32,00000000000000000000000000000000
frame13,13,32,00000000000000000000000000000000
frame14,14,32,00000000000000000000000000000000
frame15,15,32,00000000000000000000000000000000
frame16,16,32,00000000000000000000000000000000
frame17,17,32,00000000000000000000000000000000
frame18,18,32,00000000000000000000000000000000
frame19,19,32,00000000000000000000000000000000

X8Y4,LUT4AB,8,4
frame0,0,32,00000000000000000000000000000000
frame1,1,32,00000000000000000000000000000000
frame2,2,32,00000000000000000000000000000000
frame3,3,32,00000000000000000000000000000000
frame4,4,32,00000000000000000000000000000000
frame5,5,32,00000000000000000000000000000000
frame6,6,32,00000000000000000000000000000000
frame7,7,32,00000000000000000000000000000000
frame8,8,32,00000000000000000000000000000000
frame9,9,32,00000000000000000000000000000000
frame10,10,32,00000000000000000000000000000000
frame11,11,32,00000000000000000000000000000000
frame12,12,32,00000000000000000000000000000000
frame13,13,32,00000000000000000000000000000000
frame14,14,32,00000000000000000000000000000000
frame15,15,32,00000000000000000000000000000000
frame16,16,32,00000000000000000000000000000000
frame17,17,32,00000000000000000000000000000000
frame18,18,32,00000000000000000000000000000000
frame19,19,32,00000000000000000000000000000000

X9Y4,LUT4AB,9,4
frame0,0,32,00000000000000000000000000000000
frame1,1,32,00000000000000000000000000000000
frame2,2,32,00000000000000000000000000000000
frame3,3,32,00000000000000000000000000000000
frame4,4,32,00000000000000000000000000000000
frame5,5,32,00000000000000000000000000000000
frame6,6,32,00000000000000000000000000000000
frame7,7,32,00000000000000000000000000000000
frame8,8,32,00000000000000000000000000000000
frame9,9,32,00000000000000000000000000000000
frame10,10,32,00000000000000000000000000000000
frame11,11,32,00000000000000000000000000000000
frame12,12,32,00000000000000000000000000000000
frame13,13,32,00000000000000000000000000000000
frame14,14,32,00000000000000000000000000000000
frame15,15,32,00000000000000000000000000000000
frame16,16,32,00000000000000000000000000000000
frame17,17,32,00000000000000000000000000000000
frame18,18,32,00000000000000000000000000000000
frame19,19,32,00000000000000000000000000000000

X10Y4,RAM_IO,10,4
frame0,0,32,00000000000000000000000000000000
frame1,1,32,00000000000000000000000000000000
frame2,2,32,00000000000000000000000000000000
frame3,3,32,00000000000000000000000000000000
frame4,4,32,00000000000000000000000000000000
frame5,5,32,00000000000000000000000000000000
frame6,6,32,00000000000000000000000000000000
frame7,7,32,00000000000000000000000000000000
frame8,8,32,00000000000000000000000000000000
frame9,9,32,00000000000000000000000000000000
frame10,10,32,00000000000000000000000000000000
frame11,11,32,00000000000000000000000000000000
frame12,12,32,00000000000000000000000000000000
frame13,13,32,00000000000000000000000000000000
frame14,14,32,00000000000000000000000000000000
frame15,15,32,00000000000000000000000000000000
frame16,16,32,00000000000000000000000000000000
frame17,17,32,00000000000000000000000000000000
frame18,18,32,00000000000000000000000000000000
frame19,19,32,00000000000000000000000000000000

X0Y3,W_IO,0,3
frame0,0,32,00000000000000000000000000000000
frame1,1,32,00000000000000000000000000000000
frame2,2,32,00000000000000000000000000000000
frame3,3,32,00000000000000000000000000000000
frame4,4,32,00000000000000000000000000000000
frame5,5,32,00000000000000000000000000000000
frame6,6,32,00000000000000000000000000000000
frame7,7,32,00000000000000000000000000000000
frame8,8,32,00000000000000000000000000000000
frame9,9,32,00000000000000000000000000000000
frame10,10,32,00000000000000000000000000000000
frame11,11,32,00000000000000000000000000000000
frame12,12,32,00000000000000000000000000000000
frame13,13,32,00000000000000000000000000000000
frame14,14,32,00000000000000000000000000000000
frame15,15,32,00000000000000000000000000000000
frame16,16,32,00000000000000000000000000000000
frame17,17,32,00000000000000000000000000000000
frame18,18,32,00000000000000000000000000000000
frame19,19,32,00000000000000000000000000000000

X1Y3,LUT4AB,1,3
frame0,0,32,00000000000000000001001000000001
frame1,1,32,00000000100001101000010100000000
frame2,2,32,00000000100010100001001000010000
frame3,3,32,00000001000100000000100000010010
frame4,4,32,10000100000111101000010000000001
frame5,5,32,10000000000000010010000000000001
frame6,6,32,11000000000000110000000100000001
frame7,7,32,00011000000001110000110100000001
frame8,8,32,01111000100000010110001000000000
frame9,9,32,10101000000100111000000000000000
frame10,10,32,10000000100100001001100011110011
frame11,11,32,11000000100000000000000001010100
frame12,12,32,11011101000000100001100011000010
frame13,13,32,10010011100001000000100010001001
frame14,14,32,00011000010000001000000001110000
frame15,15,32,00111101100000000010000111001011
frame16,16,32,00100000000000001101000001010000
frame17,17,32,00010011000000000000001000000000
frame18,18,32,00100110010000000000001000010000
frame19,19,32,00000000000000000100000000000000

X2Y3,LUT4AB,2,3
frame0,0,32,00000000000000000010000001100000
frame1,1,32,00000011000000110010000010100000
frame2,2,32,00000000110101110010001000100000
frame3,3,32,00000010000110000100100110000000
frame4,4,32,10000000000000000011000000111001
frame5,5,32,00000000000100000011000000110000
frame6,6,32,11000000000001111000000000000000
frame7,7,32,01101100000001111000000000000001
frame8,8,32,01010100000000000100011010000010
frame9,9,32,10110000000010101000010011011100
frame10,10,32,00000000000101010001001100110000
frame11,11,32,00000000000010110100100000001100
frame12,12,32,00001000000010010000000000101000
frame13,13,32,00011000000000000001000000000101
frame14,14,32,00000000010110110100110000101010
frame15,15,32,00000000100011100100100000010011
frame16,16,32,00011100100100000100000010110000
frame17,17,32,00010101000000010000110100000000
frame18,18,32,00101011111001010000111010000000
frame19,19,32,00000000000000000000010101000100

X3Y3,RegFile,3,3
frame0,0,32,00000000000000000000000000000000
frame1,1,32,00000000011100000000000000000000
frame2,2,32,00000000000000000000000000000000
frame3,3,32,00000000000000110000000000000000
frame4,4,32,00000000000000000000000000000000
frame5,5,32,00000000000000000000000000000000
frame6,6,32,00000000000000000000000000000000
frame7,7,32,00000000000000000000000000000000
frame8,8,32,00000000000000000000000000000000
frame9,9,32,00000000000000000000000000000000
frame10,10,32,00000000000000000000000000000000
frame11,11,32,00000000000000000000000000000000
frame12,12,32,00000000000000000000000000000000
frame13,13,32,00000000000000000000000000000000
frame14,14,32,00000000000000000000000000000000
frame15,15,32,00000000000000000000000000000000
frame16,16,32,00000000000000000000000000000000
frame17,17,32,00000000000000000000000000000000
frame18,18,32,00000000000000000000000000000000
frame19,19,32,00000000000000000000000000000000

X4Y3,LUT4AB,4,3
frame0,0,32,00000000100000000001000101010000
frame1,1,32,00000000110011001111011000000000
frame2,2,32,00000000010000110110001000010000
frame3,3,32,00000000100111010111100000000010
frame4,4,32,10000000010010001101010000111000
frame5,5,32,10000000000000000110000000010000
frame6,6,32,10000000000001000000000100000000
frame7,7,32,00010000000100010011010010001010
frame8,8,32,01000100000000000100011000000000
frame9,9,32,11000000000100000000011100100001
frame10,10,32,00100000000000010001001011000011
frame11,11,32,00100000000000000010000001101101
frame12,12,32,01011000000000100000000001100110
frame13,13,32,00011101000000100000000011000101
frame14,14,32,00000000010000100100110010011010
frame15,15,32,00010000000001000101010001000000
frame16,16,32,00000100000000000001010000000000
frame17,17,32,00000011000100000010100000001000
frame18,18,32,00100010011000010000000010100000
frame19,19,32,00000000000000000000010000110000

X5Y3,LUT4AB,5,3
frame0,0,32,00000000000000000001110011000010
frame1,1,32,00000000010010100000000100001000
frame2,2,32,00000000010101110100101000010000
frame3,3,32,00000001000111001100001010010000
frame4,4,32,10000000000011000000001010000000
frame5,5,32,00000010000100111000000000100000
frame6,6,32,11000000000000001010000100000000
frame7,7,32,00000100000000001000000000000011
frame8,8,32,01011100000000001001000010000010
frame9,9,32,10010000000010000000000000101100
frame10,10,32,00100000000100010110001010110100
frame11,11,32,00000000000010100000100000010100
frame12,12,32,01010110000010000000001001000010
frame13,13,32,00001000000000000000000010000110
frame14,14,32,00000000010110000100000000011010
frame15,15,32,00101000000000000000000010010000
frame16,16,32,00001000000000010000000001000000
frame17,17,32,00110000000001001100001000010000
frame18,18,32,00100000000000100000000001011000
frame19,19,32,00000000000000000110101000000000

X6Y3,LUT4AB,6,3
frame0,0,32,00000000000000000001001001000000
frame1,1,32,00000011000001000000000000100000
frame2,2,32,00000000110000100010001000000000
frame3,3,32,00000001000000010100000000000010
frame4,4,32,00000000000101000101000010110000
frame5,5,32,00000000000001000010000000000000
frame6,6,32,00000000000000010000000000000000
frame7,7,32,10001000000001001100100010000001
frame8,8,32,11101100000000000100011010000100
frame9,9,32,11100000000110000000010000110001
frame10,10,32,10110000000001000000011000110000
frame11,11,32,11100000000000000001000000100100
frame12,12,32,01010000000000000000000000000001
frame13,13,32,00001110000000010100011010011110
frame14,14,32,00000000000011000110100011101000
frame15,15,32,00100001100010100000100000110011
frame16,16,32,01000100100000000010001101000000
frame17,17,32,00010011000001000010000000000000
frame18,18,32,00000001111000111000000000101000
frame19,19,32,00000000000000000000010100000100

X7Y3,DSP_top,7,3
frame0,0,32,00000000000000000000000000000000
frame1,1,32,00000000110000000000000000000000
frame2,2,32,00000000000000000000000000000000
frame3,3,32,00000000000000000000000000000000
frame4,4,32,00000000000000000000000000000000
frame5,5,32,00000000000000000000000000000000
frame6,6,32,00000000000000000000000000000000
frame7,7,32,00000000000000000000000000000000
frame8,8,32,00000000000000000000000000000000
frame9,9,32,00000000000000000000000000000000
frame10,10,32,00000000000000000000000000000000
frame11,11,32,00000000000000000000000000000000
frame12,12,32,00000000000000000000000000000000
frame13,13,32,00000000000000000000000000000000
frame14,14,32,00000000000000000000000000000000
frame15,15,32,00000000000000000000000000000000
frame16,16,32,00000000000000000000000000000000
frame17,17,32,00000000000000000000000000000000
frame18,18,32,00000000000000000000000000000000
frame19,19,32,00000000000000000000000000000000

X8Y3,LUT4AB,8,3
frame0,0,32,00000000000000000000000000000000
frame1,1,32,00000000000000000000000000000000
frame2,2,32,00000000000000000000000000000000
frame3,3,32,00000000000000000000000000000000
frame4,4,32,00000000000000000000000000000000
frame5,5,32,00000000000000000000000000000000
frame6,6,32,00000000000000000000000000000000
frame7,7,32,00000000000000000000000000000000
frame8,8,32,00000000000000000000000000000000
frame9,9,32,00000000000000000000000000000000
frame10,10,32,00000000000000000000000000000000
frame11,11,32,00000000000000000000000000000000
frame12,12,32,00000000000000000000000000000000
frame13,13,32,00000000000000000000000000000000
frame14,14,32,00000000000000000000000000000000
frame15,15,32,00000000000000000000000000000000
frame16,16,32,00000000000000000000000000000000
frame17,17,32,00000000000000000000000000000000
frame18,18,32,00000000000000000000000000000000
frame19,19,32,00000000000000000000000000000000

X9Y3,LUT4AB,9,3
frame0,0,32,00000000000000000000000000000000
frame1,1,32,00000000000000000000000000000000
frame2,2,32,00000000000000000000000000000000
frame3,3,32,00000000000000000000000000000000
frame4,4,32,00000000000000000000000000000000
frame5,5,32,00000000000000000000000000000000
frame6,6,32,00000000000000000000000000000000
frame7,7,32,00000000000000000000000000000000
frame8,8,32,00000000000000000000000000000000
frame9,9,32,00000000000000000000000000000000
frame10,10,32,00000000000000000000000000000000
frame11,11,32,00000000000000000000000000000000
frame12,12,32,00000000000000000000000000000000
frame13,13,32,00000000000000000000000000000000
frame14,14,32,00000000000000000000000000000000
frame15,15,32,00000000000000000000000000000000
frame16,16,32,00000000000000000000000000000000
frame17,17,32,00000000000000000000000000000000
frame18,18,32,00000000000000000000000000000000
frame19,19,32,00000000000000000000000000000000

X10Y3,RAM_IO,10,3
frame0,0,32,00000000000000000000000000000000
frame1,1,32,00000000000000000000000000000000
frame2,2,32,00000000000000000000000000000000
frame3,3,32,00000000000000000000000000000000
frame4,4,32,00000000000000000000000000000000
frame5,5,32,00000000000000000000000000000000
frame6,6,32,00000000000000000000000000000000
frame7,7,32,00000000000000000000000000000000
frame8,8,32,00000000000000000000000000000000
frame9,9,32,00000000000000000000000000000000
frame10,10,32,00000000000000000000000000000000
frame11,11,32,00000000000000000000000000000000
frame12,12,32,00000000000000000000000000000000
frame13,13,32,00000000000000000000000000000000
frame14,14,32,00000000000000000000000000000000
frame15,15,32,00000000000000000000000000000000
frame16,16,32,00000000000000000000000000000000
frame17,17,32,00000000000000000000000000000000
frame18,18,32,00000000000000000000000000000000
frame19,19,32,00000000000000000000000000000000

X0Y2,W_IO,0,2
frame0,0,32,00000000000000000000000000000000
frame1,1,32,00000000000000000000000000000000
frame2,2,32,00000000000000000000000000000011
frame3,3,32,00000000000000000000000000000000
frame4,4,32,00000000000000000000000000000000
frame5,5,32,00000000000000000000000000000000
frame6,6,32,00000000000000000000000000000000
frame7,7,32,00000000000000000000000000000000
frame8,8,32,00000000000000000000000000000000
frame9,9,32,00000000000000000000000000000000
frame10,10,32,00000000000000000000000000000000
frame11,11,32,00000000000000000000000000000000
frame12,12,32,00000000000000000000000000000000
frame13,13,32,00000000000000000000000000000000
frame14,14,32,00000000000000000000000000000000
frame15,15,32,00000000000000000000000000000000
frame16,16,32,00000000000000000000000000000000
frame17,17,32,00000000000000000000000000000000
frame18,18,32,00000000000000000000000000000000
frame19,19,32,00000000000000000000000000000000

X1Y2,LUT4AB,1,2
frame0,0,32,00000000000000000000001011000000
frame1,1,32,00000011100000000110111000000000
frame2,2,32,00000001100000110000001000100000
frame3,3,32,00000000100110000000000000000000
frame4,4,32,10100000000010000101010000111100
frame5,5,32,00000000000000000001000000000000
frame6,6,32,10000001000001100001000100000000
frame7,7,32,01100000000111000000001100000000
frame8,8,32,00000100100000000100000010000010
frame9,9,32,00001010000000000000010000001000
frame10,10,32,00001000000001000000000111000000
frame11,11,32,00000100000000110100000000000001
frame12,12,32,00000000000010110000100010110000
frame13,13,32,00000000001011111100000101100000
frame14,14,32,00000000011100100010000000000000
frame15,15,32,00000000000111000110000010000000
frame16,16,32,00100100010000101010000111110100
frame17,17,32,00110001100000001010001110110000
frame18,18,32,00111111111000110000101001010000
frame19,19,32,00000000000000000000010100100000

X2Y2,LUT4AB,2,2
frame0,0,32,00000000000000000000000000010000
frame1,1,32,00000000000010100000000100000000
frame2,2,32,00000000110000001110100000100000
frame3,3,32,00000010000011100111100100010000
frame4,4,32,00000000000000100111000100010000
frame5,5,32,10000010000000011000000000100000
frame6,6,32,00000000000000110110000100000000
frame7,7,32,10010000000101000010000100000010
frame8,8,32,10100000000000000101001000000000
frame9,9,32,01001000000000000000011100100001
frame10,10,32,10000000001011000110000011100011
frame11,11,32,11100000000100111000000000100110
frame12,12,32,00000000000010100100100000100001
frame13,13,32,00000000101010100100000001001010
frame14,14,32,01001000011100001010000000100000
frame15,15,32,01000100000100010100100010010100
frame16,16,32,00000101110111100001001010110100
frame17,17,32,00000010010110010110001101000010
frame18,18,32,00001011000001011011111001011000
frame19,19,32,00000000000000000000000000000000

X3Y2,RegFile,3,2
frame0,0,32,00000000000000000000000000000000
frame1,1,32,00000111000000000000000000000000
frame2,2,32,00000000000000000000000000000000
frame3,3,32,00000000001000100000000000000000
frame4,4,32,00000011000000000000000000000010
frame5,5,32,00000000000000000000000000000000
frame6,6,32,00000000000000110000000000000000
frame7,7,32,00000000000000000000000000000000
frame8,8,32,00000000000000000000000000000000
frame9,9,32,00000000000000000000000000000000
frame10,10,32,00000100000000000000000000000000
frame11,11,32,00000000000000000000000000001000
frame12,12,32,00000000000000000000000000000000
frame13,13,32,00000000000000000000000000000000
frame14,14,32,00000000000000000000000000000000
frame15,15,32,00000000000000000000000000000000
frame16,16,32,00000000000000000000000000000000
frame17,17,32,00000000000000000000000000000000
frame18,18,32,00000000000000000000000000000000
frame19,19,32,00000000000000000000000000000000

X4Y2,LUT4AB,4,2
frame0,0,32,00000000000100001000000001001000
frame1,1,32,00001010000100000110000000000000
frame2,2,32,00000000010000001011101000110000
frame3,3,32,00000000000010000101100000010010
frame4,4,32,00000100001001001111000010110100
frame5,5,32,10000000000000000000000000000100
frame6,6,32,00100000000011001001100000000100
frame7,7,32,01111100000001001010101100011010
frame8,8,32,00001110000000000100011100000000
frame9,9,32,00111000001010001010000000100001
frame10,10,32,00111000000001110000100010110111
frame11,11,32,00001001000010101110000000100001
frame12,12,32,01010010000000010100010000010001
frame13,13,32,00000011000000100100000111100000
frame14,14,32,00101000000000101010000000000000
frame15,15,32,00010000000000011100000111000000
frame16,16,32,00010100001110000100010110000000
frame17,17,32,00000110011111000001100000000000
frame18,18,32,00100000000001000110000010010000
frame19,19,32,00000000000000001001001100000000

X5Y2,LUT4AB,5,2
frame0,0,32,00000000000000000000100001100000
frame1,1,32,00000000010100010000010010001000
frame2,2,32,00000000101100001000000000000000
frame3,3,32,01000000000010010100000000000000
frame4,4,32,10000000000000010001000000000100
frame5,5,32,00000000000000000100000000000000
frame6,6,32,10000100000000000000000100000000
frame7,7,32,10000000000000010000000000000000
frame8,8,32,10100000000000000110000000000010
frame9,9,32,00001000000000000000000000001000
frame10,10,32,10000000000000000001000000000001
frame11,11,32,00000000000000000000000010001011
frame12,12,32,00001100000000000000000000100000
frame13,13,32,00010000000000000000100001001000
frame14,14,32,00011000000000000000000010101000
frame15,15,32,00000001000001100000000000000100
frame16,16,32,00010000100000000000000000000000
frame17,17,32,00110000100000000011000000000000
frame18,18,32,00011001100000111001010010101000
frame19,19,32,00000000000000000000110101101000

X6Y2,LUT4AB,6,2
frame0,0,32,00000000000000000000010000000000
frame1,1,32,00000001001010000010000000100000
frame2,2,32,00000000011011110011001000110000
frame3,3,32,00000011100110101100000000010010
frame4,4,32,10000000000100111000000000001000
frame5,5,32,10000000000100000010000011000000
frame6,6,32,10000000000000010001100000000000
frame7,7,32,10010100000000011000000110000111
frame8,8,32,11000000000000001100111100000110
frame9,9,32,10011000000010100000000011111000
frame10,10,32,00100000000000010000100010000100
frame11,11,32,11000000000100010110011111001101
frame12,12,32,00000100001000000000000010000011
frame13,13,32,00001001010001110100000010010100
frame14,14,32,00001100000100011000110010001100
frame15,15,32,00110101100000000000000001101000
frame16,16,32,01011000000000000101010000000100
frame17,17,32,00110000000000000001000000100000
frame18,18,32,00000000001001111001001010110000
frame19,19,32,00000000000100000001000000000000

X7Y2,DSP_bot,7,2
frame0,0,32,00000000000000000000000000000000
frame1,1,32,00000000000000000000000000110000
frame2,2,32,00000000000000000011000000000000
frame3,3,32,00000000000000000100000000000000
frame4,4,32,00000000000000000000000000000000
frame5,5,32,00000000000000000000000000000000
frame6,6,32,00000000000000000000000000000000
frame7,7,32,00000000000000000000000000000000
frame8,8,32,00000000000000000000000000000000
frame9,9,32,00000000000000000000000000000000
frame10,10,32,00000000000000000000000000000000
frame11,11,32,10000000000000000000000000000000
frame12,12,32,00000000000000000000000000000000
frame13,13,32,00000000000000000000000000000000
frame14,14,32,00000000000000000000000000000000
frame15,15,32,00000000000000000000000000000000
frame16,16,32,00000000000000000000000000000000
frame17,17,32,00000000000000000000000000000000
frame18,18,32,00000000000000000000000000000000
frame19,19,32,00000000000000000000000000000000

X8Y2,LUT4AB,8,2
frame0,0,32,00000000000000000000000000000000
frame1,1,32,00000000000000000000000000000000
frame2,2,32,00000000000000000000000000000000
frame3,3,32,00000000000000000000000000000000
frame4,4,32,00000000000000000000000000000000
frame5,5,32,00000000000000000000000000000000
frame6,6,32,00000000000000000000000000000000
frame7,7,32,00000000000000000000000000000000
frame8,8,32,00000000000000000000000000000000
frame9,9,32,00000000000000000000000000000000
frame10,10,32,00000000000000000000000000000000
frame11,11,32,00000000000000000000000000000000
frame12,12,32,00000000000000000000000000000000
frame13,13,32,00000000000000000000000000000000
frame14,14,32,00000000000000000000000000000000
frame15,15,32,00000000000000000000000000000000
frame16,16,32,00000000000000000000000000000000
frame17,17,32,00000000000000000000000000000000
frame18,18,32,00000000000000000000000000000000
frame19,19,32,00000000000000000000000000000000

X9Y2,LUT4AB,9,2
frame0,0,32,00000000000000000000000000000000
frame1,1,32,00000000000000000000000000000000
frame2,2,32,00000000000000000000000000000000
frame3,3,32,00000000000000000000000000000000
frame4,4,32,00000000000000000000000000000000
frame5,5,32,00000000000000000000000000000000
frame6,6,32,00000000000000000000000000000000
frame7,7,32,00000000000000000000000000000000
frame8,8,32,00000000000000000000000000000000
frame9,9,32,00000000000000000000000000000000
frame10,10,32,00000000000000000000000000000000
frame11,11,32,00000000000000000000000000000000
frame12,12,32,00000000000000000000000000000000
frame13,13,32,00000000000000000000000000000000
frame14,14,32,00000000000000000000000000000000
frame15,15,32,00000000000000000000000000000000
frame16,16,32,00000000000000000000000000000000
frame17,17,32,00000000000000000000000000000000
frame18,18,32,00000000000000000000000000000000
frame19,19,32,00000000000000000000000000000000

X10Y2,RAM_IO,10,2
frame0,0,32,00000000000000000000000000000000
frame1,1,32,00000000000000000000000000000000
frame2,2,32,00000000000000000000000000000000
frame3,3,32,00000000000000000000000000000000
frame4,4,32,00000000000000000000000000000000
frame5,5,32,00000000000000000000000000000000
frame6,6,32,00000000000000000000000000000000
frame7,7,32,00000000000000000000000000000000
frame8,8,32,00000000000000000000000000000000
frame9,9,32,00000000000000000000000000000000
frame10,10,32,00000000000000000000000000000000
frame11,11,32,00000000000000000000000000000000
frame12,12,32,00000000000000000000000000000000
frame13,13,32,00000000000000000000000000000000
frame14,14,32,00000000000000000000000000000000
frame15,15,32,00000000000000000000000000000000
frame16,16,32,00000000000000000000000000000000
frame17,17,32,00000000000000000000000000000000
frame18,18,32,00000000000000000000000000000000
frame19,19,32,00000000000000000000000000000000

X0Y1,W_IO,0,1
frame0,0,32,00000000000000000000000000000000
frame1,1,32,00000000000000000000000000000000
frame2,2,32,00000000000000000000000000000000
frame3,3,32,00000000000000000000000000000000
frame4,4,32,00000000000000000000000000000000
frame5,5,32,00000000000000000000000000000000
frame6,6,32,00000000000000000000000000000000
frame7,7,32,00000000000000000000000000000000
frame8,8,32,00000000000000000000000000000000
frame9,9,32,00000000000000000000000000000000
frame10,10,32,00000000000000000000000000000000
frame11,11,32,00000000000000000000000000000000
frame12,12,32,00000000000000000000000000000000
frame13,13,32,00000000000000000000000000000000
frame14,14,32,00000000000000000000000000000000
frame15,15,32,00000000000000000000000000000000
frame16,16,32,00000000000000000000000000000000
frame17,17,32,00000000000000000000000000000000
frame18,18,32,00000000000000000000000000000000
frame19,19,32,00000000000000000000000000000000

X1Y1,LUT4AB,1,1
frame0,0,32,00000000100000000000000000010000
frame1,1,32,00000000000001000000000000100000
frame2,2,32,00000000010000010000000000010000
frame3,3,32,00000011000010101000100100010000
frame4,4,32,00000000000010000000000010000000
frame5,5,32,10000010000000000011000000110000
frame6,6,32,00000000000000100000000010000000
frame7,7,32,00010100000000001000000100000000
frame8,8,32,00000000000000000001000000000100
frame9,9,32,00010000000110000000000000010000
frame10,10,32,00000000000000000110000000000000
frame11,11,32,00000000000000000000000000000000
frame12,12,32,10000000000000000000000000000000
frame13,13,32,10001100001000000001000001010000
frame14,14,32,01000000000000000010000100000000
frame15,15,32,01000000000000010110100000010000
frame16,16,32,00000100000000010011000010100000
frame17,17,32,00000011010100011111110100000010
frame18,18,32,00101010101000111001000000000000
frame19,19,32,00000000000000001000000000000000

X2Y1,LUT4AB,2,1
frame0,0,32,00000000000000000000000001000000
frame1,1,32,00000000000000001010000000000000
frame2,2,32,00000000010101100000001000100000
frame3,3,32,00000000000000000100000000000000
frame4,4,32,00000000010000001000000000111000
frame5,5,32,00000000000000000101000000000000
frame6,6,32,00000000000001000000000100000000
frame7,7,32,00000000000000000100000000000000
frame8,8,32,01000000000000000000001000000000
frame9,9,32,10000000000000000000000000000000
frame10,10,32,00000000000000000001000000000000
frame11,11,32,00000000000000000000000000000100
frame12,12,32,01011000000000000000000000000010
frame13,13,32,00010000000000000000000000000101
frame14,14,32,00000000000001011000110000001010
frame15,15,32,00000001100011110110000011010000
frame16,16,32,00101100000100001100000000000100
frame17,17,32,00010111000000001000000000100000
frame18,18,32,00000001111000000000001010011000
frame19,19,32,00000000000000000000001100000100

X3Y1,RegFile,3,1
frame0,0,32,00000000000000000000000000000000
frame1,1,32,00000000000000000000000000000000
frame2,2,32,00000000000000000000000000000000
frame3,3,32,00000000000000110000000000000110
frame4,4,32,00000000000000000000000000000000
frame5,5,32,00000000000000000000000000000000
frame6,6,32,00000000000000000000000000110000
frame7,7,32,00000000000000000000000000000000
frame8,8,32,00000000000000000000000000000000
frame9,9,32,00000000000000000000000000000000
frame10,10,32,01000000000000000000000000000000
frame11,11,32,00000000000000000000000000000000
frame12,12,32,00000000000000000000000000000000
frame13,13,32,00000000000000000000000000000000
frame14,14,32,00000000000000000000000000000000
frame15,15,32,00000000000000000000000000000000
frame16,16,32,00000000000000000000000000000000
frame17,17,32,00000000000000000000000000000000
frame18,18,32,00000000000000000000000000000000
frame19,19,32,00000000000000000000000000000000

X4Y1,LUT4AB,4,1
frame0,0,32,00000000000000000000000000000001
frame1,1,32,00000001100001101110010000000000
frame2,2,32,00000001110000111000011000010000
frame3,3,32,00000001100010011100000000000010
frame4,4,32,00000000000100001101000010000001
frame5,5,32,10000000000001000111000000000000
frame6,6,32,00001000000001010000001100000000
frame7,7,32,10010000000000001100000000000000
frame8,8,32,10101000000000000000000000000100
frame9,9,32,00000000001110001000000000010000
frame10,10,32,10110000000000000100000111000010
frame11,11,32,11000000000010000100000000000111
frame12,12,32,01010000000010000000010000000010
frame13,13,32,00001101000000000001000001000000
frame14,14,32,01000000001001100010110011000100
frame15,15,32,00110000000111000000010110100100
frame16,16,32,01001001000010010001000000110000
frame17,17,32,00000000000010000111001000000000
frame18,18,32,00100110000000000111001001101000
frame19,19,32,00000000000000000000000000000000

X5Y1,LUT4AB,5,1
frame0,0,32,00000000000000000000001100010000
frame1,1,32,00000001001010001010010100100000
frame2,2,32,00000000100000100010000000100000
frame3,3,32,00000001000001110100100000000010
frame4,4,32,00000000010111000000000000001001
frame5,5,32,00000000000001000000000000000001
frame6,6,32,01000000000000111000000010000000
frame7,7,32,11101001000100010110100000000010
frame8,8,32,10110000000000000001100100000100
frame9,9,32,00101000000001101000010011110000
frame10,10,32,10000000000000000011000010000001
frame11,11,32,11000000000000100100000000010101
frame12,12,32,10001100000010000000000001010001
frame13,13,32,10010000000000001100000010100010
frame14,14,32,01011000000100110010000010011100
frame15,15,32,01000100000100000000000000101011
frame16,16,32,00000000000000001100000010110000
frame17,17,32,00000001000001000000001101001000
frame18,18,32,00000011111001000110100001000000
frame19,19,32,00000000000000001000000011000000

X6Y1,LUT4AB,6,1
frame0,0,32,00000000000000000000000000000000
frame1,1,32,00000000000000000010000000000000
frame2,2,32,00000000111000000000000000000000
frame3,3,32,00000001100000000001000000000000
frame4,4,32,00000000000010101000000000100000
frame5,5,32,00000000000000000000000000000000
frame6,6,32,01000000000000000000000010000000
frame7,7,32,10000000000000001001000000000001
frame8,8,32,00010100000000010001100010000000
frame9,9,32,00000000000010011000011100000100
frame10,10,32,00110000000000000010001100000010
frame11,11,32,00000000000000001000000000000011
frame12,12,32,00000010000000000000000000000000
frame13,13,32,00000000000000110000010000000000
frame14,14,32,00000000000011001000000000001000
frame15,15,32,00001000000000000000000010000100
frame16,16,32,00100000010000000000000000000100
frame17,17,32,00000000000000000010000000000000
frame18,18,32,00000000000000010000000000111000
frame19,19,32,00000000000000000000000000000000

X7Y1,DSP_top,7,1
frame0,0,32,00000000000000000000000000000000
frame1,1,32,00000000000000000000000000000000
frame2,2,32,00000000000000000000000000000000
frame3,3,32,00000000000000000000000000000000
frame4,4,32,00000000000000000000000000000000
frame5,5,32,00000000000000000000000000000000
frame6,6,32,00000000000000000000000000000000
frame7,7,32,00000000000000000000000000000000
frame8,8,32,00000000000000000000000000000000
frame9,9,32,00000000000000000000000000000000
frame10,10,32,00000000000000000000000000000000
frame11,11,32,00000000000000000000000000000000
frame12,12,32,00000000000000000000000000000000
frame13,13,32,00000000000000000000000000000000
frame14,14,32,00000000000000000000000000000000
frame15,15,32,00000000000000000000000000000000
frame16,16,32,00000000000000000000000000000000
frame17,17,32,00000000000000000000000000000000
frame18,18,32,00000000000000000000000000000000
frame19,19,32,00000000000000000000000000000000

X8Y1,LUT4AB,8,1
frame0,0,32,00000000000000000000000000000000
frame1,1,32,00000000000000000000000000000000
frame2,2,32,00000000000000000000000000000000
frame3,3,32,00000000000000000000000000000000
frame4,4,32,00000000000000000000000000000000
frame5,5,32,00000000000000000000000000000000
frame6,6,32,00000000000000000000000000000000
frame7,7,32,00000000000000000000000000000000
frame8,8,32,00000000000000000000000000000000
frame9,9,32,00000000000000000000000000000000
frame10,10,32,00000000000000000000000000000000
frame11,11,32,00000000000000000000000000000000
frame12,12,32,00000000000000000000000000000000
frame13,13,32,00000000000000000000000000000000
frame14,14,32,00000000000000000000000000000000
frame15,15,32,00000000000000000000000000000000
frame16,16,32,00000000000000000000000000000000
frame17,17,32,00000000000000000000000000000000
frame18,18,32,00000000000000000000000000000000
frame19,19,32,00000000000000000000000000000000

X9Y1,LUT4AB,9,1
frame0,0,32,00000000000000000000000000000000
frame1,1,32,00000000000000000000000000000000
frame2,2,32,00000000000000000000000000000000
frame3,3,32,00000000000000000000000000000000
frame4,4,32,00000000000000000000000000000000
frame5,5,32,00000000000000000000000000000000
frame6,6,32,00000000000000000000000000000000
frame7,7,32,00000000000000000000000000000000
frame8,8,32,00000000000000000000000000000000
frame9,9,32,00000000000000000000000000000000
frame10,10,32,00000000000000000000000000000000
frame11,11,32,00000000000000000000000000000000
frame12,12,32,00000000000000000000000000000000
frame13,13,32,00000000000000000000000000000000
frame14,14,32,00000000000000000000000000000000
frame15,15,32,00000000000000000000000000000000
frame16,16,32,00000000000000000000000000000000
frame17,17,32,00000000000000000000000000000000
frame18,18,32,00000000000000000000000000000000
frame19,19,32,00000000000000000000000000000000

X10Y1,RAM_IO,10,1
frame0,0,32,00000000000000000000000000000000
frame1,1,32,00000000000000000000000000000000
frame2,2,32,00000000000000000000000000000000
frame3,3,32,00000000000000000000000000000000
frame4,4,32,00000000000000000000000000000000
frame5,5,32,00000000000000000000000000000000
frame6,6,32,00000000000000000000000000000000
frame7,7,32,00000000000000000000000000000000
frame8,8,32,00000000000000000000000000000000
frame9,9,32,00000000000000000000000000000000
frame10,10,32,00000000000000000000000000000000
frame11,11,32,00000000000000000000000000000000
frame12,12,32,00000000000000000000000000000000
frame13,13,32,00000000000000000000000000000000
frame14,14,32,00000000000000000000000000000000
frame15,15,32,00000000000000000000000000000000
frame16,16,32,00000000000000000000000000000000
frame17,17,32,00000000000000000000000000000000
frame18,18,32,00000000000000000000000000000000
frame19,19,32,00000000000000000000000000000000

