X0Y16,W_IO,0,16
frame0,0,32,11100001110110000000000000000000
frame1,1,32,00000000000000000000000000000000
frame2,2,32,00000000000000000000000000000000
frame3,3,32,00000000000000000000000000000000
frame4,4,32,00000000000000000000000000000000
frame5,5,32,00000000000000000000000000000000
frame6,6,32,00000000000000000000000000000000
frame7,7,32,00000000000000000000000000000000
frame8,8,32,00000000000000000000000000000000
frame9,9,32,00000000000000000000000000000000
frame10,10,32,00000000000000000000000000000000
frame11,11,32,00000000000000000000000000000000
frame12,12,32,00000000000000000000000000000000
frame13,13,32,00000000000000000000000000000000
frame14,14,32,00000000000000000000000000000000
frame15,15,32,00000000000000000000000000000000
frame16,16,32,00000000000000000000000000000000
frame17,17,32,00000000000000000000000000000000
frame18,18,32,00000000000000000000000000000000
frame19,19,32,00000000000000000000000000000000

X1Y16,LUT4AB,1,16
frame0,0,32,00000000000000000000000000000000
frame1,1,32,00000000010110000000000000000000
frame2,2,32,00000000000000000000000000000000
frame3,3,32,00000000000000000000000000000000
frame4,4,32,00000000001000000000000000000000
frame5,5,32,00000000000000000000000000000000
frame6,6,32,00000000000000100000000000000000
frame7,7,32,00000000000000000000000000000000
frame8,8,32,00000000000000000000000000000000
frame9,9,32,00000000000000000000000000000000
frame10,10,32,00000000000000000000000000000000
frame11,11,32,00000000000000000000000000000000
frame12,12,32,00000000000000000000100000000000
frame13,13,32,00000000000000000001000000000000
frame14,14,32,00000000000000000000000000000000
frame15,15,32,00000000000000000001110000000000
frame16,16,32,00000000000000000000011111100000
frame17,17,32,00000000000000000000111100000000
frame18,18,32,00000000000000000000000000000000
frame19,19,32,00000000000000000000000000000000

X2Y16,LUT4AB,2,16
frame0,0,32,00000000000000000000000000000000
frame1,1,32,00000000000000000000000000000000
frame2,2,32,00000000000000000000000000000000
frame3,3,32,00000000000000000000000000000000
frame4,4,32,00000000000000000000000000000000
frame5,5,32,00000000000000000000000000000000
frame6,6,32,00000000000000000000000000000000
frame7,7,32,00000000000000000000000000000000
frame8,8,32,00000000000000000000000000000000
frame9,9,32,00000000000000000000000000000000
frame10,10,32,00000000000000000000000000000000
frame11,11,32,00000000000000000000000000000000
frame12,12,32,00000000000000000000000000000000
frame13,13,32,00000000000000000000000000000000
frame14,14,32,00000000000000000000000000000000
frame15,15,32,00000000000000000000000000000000
frame16,16,32,00000000000000000000000000000000
frame17,17,32,00000000000000000000000000000000
frame18,18,32,00000000000000000000000000000000
frame19,19,32,00000000000000000000000000000000

X3Y16,RegFile,3,16
frame0,0,32,00000000000000000000000000000000
frame1,1,32,00000000000000000000000000000000
frame2,2,32,00000000000000000000000000000000
frame3,3,32,00000000000000000000000000000000
frame4,4,32,00000000000000000000000000000000
frame5,5,32,00000000000000000000000000000000
frame6,6,32,00000000000000000000000000000000
frame7,7,32,00000000000000000000000000000000
frame8,8,32,00000000000000000000000000000000
frame9,9,32,00000000000000000000000000000000
frame10,10,32,00000000000000000000000000000000
frame11,11,32,00000000000000000000000000000000
frame12,12,32,00000000000000000000000000000000
frame13,13,32,00000000000000000000000000000000
frame14,14,32,00000000000000000000000000000000
frame15,15,32,00000000000000000000000000000000
frame16,16,32,00000000000000000000000000000000
frame17,17,32,00000000000000000000000000000000
frame18,18,32,00000000000000000000000000000000
frame19,19,32,00000000000000000000000000000000

X4Y16,LUT4AB,4,16
frame0,0,32,00000000000000000000000000000000
frame1,1,32,00000000000000000000000000000000
frame2,2,32,00000000000000000000000000000000
frame3,3,32,00000000000000000000000000000000
frame4,4,32,00000000000000000000000000000000
frame5,5,32,00000000000000000000000000000000
frame6,6,32,00000000000000000000000000000000
frame7,7,32,00000000000000000000000000000000
frame8,8,32,00000000000000000000000000000000
frame9,9,32,00000000000000000000000000000000
frame10,10,32,00000000000000000000000000000000
frame11,11,32,00000000000000000000000000000000
frame12,12,32,00000000000000000000000000000000
frame13,13,32,00000000000000000000000000000000
frame14,14,32,00000000000000000000000000000000
frame15,15,32,00000000000000000000000000000000
frame16,16,32,00000000000000000000000000000000
frame17,17,32,00000000000000000000000000000000
frame18,18,32,00000000000000000000000000000000
frame19,19,32,00000000000000000000000000000000

X5Y16,LUT4AB,5,16
frame0,0,32,00000000000000000000000000000000
frame1,1,32,00000000000000000000000000000000
frame2,2,32,00000000000000000000000000000000
frame3,3,32,00000000000000000000000000000000
frame4,4,32,00000000000000000000000000000000
frame5,5,32,00000000000000000000000000000000
frame6,6,32,00000000000000000000000000000000
frame7,7,32,00000000000000000000000000000000
frame8,8,32,00000000000000000000000000000000
frame9,9,32,00000000000000000000000000000000
frame10,10,32,00000000000000000000000000000000
frame11,11,32,00000000000000000000000000000000
frame12,12,32,00000000000000000000000000000000
frame13,13,32,00000000000000000000000000000000
frame14,14,32,00000000000000000000000000000000
frame15,15,32,00000000000000000000000000000000
frame16,16,32,00000000000000000000000000000000
frame17,17,32,00000000000000000000000000000000
frame18,18,32,00000000000000000000000000000000
frame19,19,32,00000000000000000000000000000000

X6Y16,LUT4AB,6,16
frame0,0,32,00000000000000000000000000000000
frame1,1,32,00000000000000000000000000000000
frame2,2,32,00000000000000000000000000000000
frame3,3,32,00000000000000000000000000000000
frame4,4,32,00000000000000000000000000000000
frame5,5,32,00000000000000000000000000000000
frame6,6,32,00000000000000000000000000000000
frame7,7,32,00000000000000000000000000000000
frame8,8,32,00000000000000000000000000000000
frame9,9,32,00000000000000000000000000000000
frame10,10,32,00000000000000000000000000000000
frame11,11,32,00000000000000000000000000000000
frame12,12,32,00000000000000000000000000000000
frame13,13,32,00000000000000000000000000000000
frame14,14,32,00000000000000000000000000000000
frame15,15,32,00000000000000000000000000000000
frame16,16,32,00000000000000000000000000000000
frame17,17,32,00000000000000000000000000000000
frame18,18,32,00000000000000000000000000000000
frame19,19,32,00000000000000000000000000000000

X7Y16,DSP_bot,7,16
frame0,0,32,00000000000000000000000000000000
frame1,1,32,00000000000000000000000000000000
frame2,2,32,00000000000000000000000000000000
frame3,3,32,00000000000000000000000000000000
frame4,4,32,00000000000000000000000000000000
frame5,5,32,00000000000000000000000000000000
frame6,6,32,00000000000000000000000000000000
frame7,7,32,00000000000000000000000000000000
frame8,8,32,00000000000000000000000000000000
frame9,9,32,00000000000000000000000000000000
frame10,10,32,00000000000000000000000000000000
frame11,11,32,00000000000000000000000000000000
frame12,12,32,00000000000000000000000000000000
frame13,13,32,00000000000000000000000000000000
frame14,14,32,00000000000000000000000000000000
frame15,15,32,00000000000000000000000000000000
frame16,16,32,00000000000000000000000000000000
frame17,17,32,00000000000000000000000000000000
frame18,18,32,00000000000000000000000000000000
frame19,19,32,00000000000000000000000000000000

X8Y16,LUT4AB,8,16
frame0,0,32,00000000000000000000000000000000
frame1,1,32,00000000000000000000000000000000
frame2,2,32,00000000000000000000000000000000
frame3,3,32,00000000000000000000000000000000
frame4,4,32,00000000000000000000000000000000
frame5,5,32,00000000000000000000000000000000
frame6,6,32,00000000000000000000000000000000
frame7,7,32,00000000000000000000000000000000
frame8,8,32,00000000000000000000000000000000
frame9,9,32,00000000000000000000000000000000
frame10,10,32,00000000000000000000000000000000
frame11,11,32,00000000000000000000000000000000
frame12,12,32,00000000000000000000000000000000
frame13,13,32,00000000000000000000000000000000
frame14,14,32,00000000000000000000000000000000
frame15,15,32,00000000000000000000000000000000
frame16,16,32,00000000000000000000000000000000
frame17,17,32,00000000000000000000000000000000
frame18,18,32,00000000000000000000000000000000
frame19,19,32,00000000000000000000000000000000

X9Y16,LUT4AB,9,16
frame0,0,32,00000000000000000000000000000000
frame1,1,32,00000000000000000000000000000000
frame2,2,32,00000000000000000000000000000000
frame3,3,32,00000000000000000000000000000000
frame4,4,32,00000000000000000000000000000000
frame5,5,32,00000000000000000000000000000000
frame6,6,32,00000000000000000000000000000000
frame7,7,32,00000000000000000000000000000000
frame8,8,32,00000000000000000000000000000000
frame9,9,32,00000000000000000000000000000000
frame10,10,32,00000000000000000000000000000000
frame11,11,32,00000000000000000000000000000000
frame12,12,32,00000000000000000000000000000000
frame13,13,32,00000000000000000000000000000000
frame14,14,32,00000000000000000000000000000000
frame15,15,32,00000000000000000000000000000000
frame16,16,32,00000000000000000000000000000000
frame17,17,32,00000000000000000000000000000000
frame18,18,32,00000000000000000000000000000000
frame19,19,32,00000000000000000000000000000000

X10Y16,RAM_IO,10,16
frame0,0,32,00000000000000000000000000000000
frame1,1,32,00000000000000000000000000000000
frame2,2,32,00000000000000000000000000000000
frame3,3,32,00000000000000000000000000000000
frame4,4,32,00000000000000000000000000000000
frame5,5,32,00000000000000000000000000000000
frame6,6,32,00000000000000000000000000000000
frame7,7,32,00000000000000000000000000000000
frame8,8,32,00000000000000000000000000000000
frame9,9,32,00000000000000000000000000000000
frame10,10,32,00000000000000000000000000000000
frame11,11,32,00000000000000000000000000000000
frame12,12,32,00000000000000000000000000000000
frame13,13,32,00000000000000000000000000000000
frame14,14,32,00000000000000000000000000000000
frame15,15,32,00000000000000000000000000000000
frame16,16,32,00000000000000000000000000000000
frame17,17,32,00000000000000000000000000000000
frame18,18,32,00000000000000000000000000000000
frame19,19,32,00000000000000000000000000000000

X0Y15,W_IO,0,15
frame0,0,32,11101001110100000000000000000000
frame1,1,32,00000000000000000000000000000000
frame2,2,32,00000000000000000000000000000000
frame3,3,32,00000000000000000000000000000000
frame4,4,32,00000000000000000000000000000000
frame5,5,32,00000000000000000000000000000000
frame6,6,32,00000000000000000000000000000000
frame7,7,32,00000000000000000000000000000000
frame8,8,32,00000000000000000000000000000000
frame9,9,32,00000000000000000000000000000000
frame10,10,32,00000000000000000000000000000000
frame11,11,32,00000000000000000000000000000000
frame12,12,32,00000000000000000000000000000000
frame13,13,32,00000000000000000000000000000000
frame14,14,32,00000000000000000000000000000000
frame15,15,32,00000000000000000000000000000000
frame16,16,32,00000000000000000000000000000000
frame17,17,32,00000000000000000000000000000000
frame18,18,32,00000000000000000000000000000000
frame19,19,32,00000000000000000000000000000000

X1Y15,LUT4AB,1,15
frame0,0,32,00000000000000000000000000000000
frame1,1,32,00000011000000000000000000000000
frame2,2,32,00000000000000000000000000000000
frame3,3,32,00000000000000000000000000000000
frame4,4,32,00000000000000000000000000000000
frame5,5,32,00000000000000000000000000000000
frame6,6,32,00000000000000000000000000000000
frame7,7,32,00000000000000000000000000000000
frame8,8,32,00000000000000000000000000000000
frame9,9,32,00000000000000000000000000000000
frame10,10,32,00000000000000000000000000000000
frame11,11,32,00000000000000000000000000000000
frame12,12,32,00000000000000000000000000000000
frame13,13,32,00000000000000000000000000000000
frame14,14,32,00000000000000000000000000000000
frame15,15,32,00000000000000000000000000000000
frame16,16,32,00000000000000000000000000000000
frame17,17,32,00000000000000000000000000000000
frame18,18,32,00000000000000000000000000000000
frame19,19,32,00000000000000000000000000000000

X2Y15,LUT4AB,2,15
frame0,0,32,00000000000000000000000000000000
frame1,1,32,00000000000000000000000000000000
frame2,2,32,00000000000000000000000000000000
frame3,3,32,00000000000000000000000000000000
frame4,4,32,00000000000000000000000000000000
frame5,5,32,00000000000000000000000000000000
frame6,6,32,00000000000000000000000000000000
frame7,7,32,00000000000000000000000000000000
frame8,8,32,00000000000000000000000000000000
frame9,9,32,00000000000000000000000000000000
frame10,10,32,00000000000000000000000000000000
frame11,11,32,00000000000000000000000000000000
frame12,12,32,00000000000000000000000000000000
frame13,13,32,00000000000000000000000000000000
frame14,14,32,00000000000000000000000000000000
frame15,15,32,00000000000000000000000000000000
frame16,16,32,00000000000000000000000000000000
frame17,17,32,00000000000000000000000000000000
frame18,18,32,00000000000000000000000000000000
frame19,19,32,00000000000000000000000000000000

X3Y15,RegFile,3,15
frame0,0,32,00000000000000000000000000000000
frame1,1,32,00000000000000000000000000000000
frame2,2,32,00000000000000000000000000000000
frame3,3,32,00000000000000000000000000000000
frame4,4,32,00000000000000000000000000000000
frame5,5,32,00000000000000000000000000000000
frame6,6,32,00000000000000000000000000000000
frame7,7,32,00000000000000000000000000000000
frame8,8,32,00000000000000000000000000000000
frame9,9,32,00000000000000000000000000000000
frame10,10,32,00000000000000000000000000000000
frame11,11,32,00000000000000000000000000000000
frame12,12,32,00000000000000000000000000000000
frame13,13,32,00000000000000000000000000000000
frame14,14,32,00000000000000000000000000000000
frame15,15,32,00000000000000000000000000000000
frame16,16,32,00000000000000000000000000000000
frame17,17,32,00000000000000000000000000000000
frame18,18,32,00000000000000000000000000000000
frame19,19,32,00000000000000000000000000000000

X4Y15,LUT4AB,4,15
frame0,0,32,00000000000000000000000000000000
frame1,1,32,00000000000000000000000000000000
frame2,2,32,00000000000000000000000000000000
frame3,3,32,00000000000000000000000000000000
frame4,4,32,00000000000000000000000000000000
frame5,5,32,00000000000000000000000000000000
frame6,6,32,00000000000000000000000000000000
frame7,7,32,00000000000000000000000000000000
frame8,8,32,00000000000000000000000000000000
frame9,9,32,00000000000000000000000000000000
frame10,10,32,00000000000000000000000000000000
frame11,11,32,00000000000000000000000000000000
frame12,12,32,00000000000000000000000000000000
frame13,13,32,00000000000000000000000000000000
frame14,14,32,00000000000000000000000000000000
frame15,15,32,00000000000000000000000000000000
frame16,16,32,00000000000000000000000000000000
frame17,17,32,00000000000000000000000000000000
frame18,18,32,00000000000000000000000000000000
frame19,19,32,00000000000000000000000000000000

X5Y15,LUT4AB,5,15
frame0,0,32,00000000000000000000000000000000
frame1,1,32,00000000000000000000000000000000
frame2,2,32,00000000000000000000000000000000
frame3,3,32,00000000000000000000000000000000
frame4,4,32,00000000000000000000000000000000
frame5,5,32,00000000000000000000000000000000
frame6,6,32,00000000000000000000000000000000
frame7,7,32,00000000000000000000000000000000
frame8,8,32,00000000000000000000000000000000
frame9,9,32,00000000000000000000000000000000
frame10,10,32,00000000000000000000000000000000
frame11,11,32,00000000000000000000000000000000
frame12,12,32,00000000000000000000000000000000
frame13,13,32,00000000000000000000000000000000
frame14,14,32,00000000000000000000000000000000
frame15,15,32,00000000000000000000000000000000
frame16,16,32,00000000000000000000000000000000
frame17,17,32,00000000000000000000000000000000
frame18,18,32,00000000000000000000000000000000
frame19,19,32,00000000000000000000000000000000

X6Y15,LUT4AB,6,15
frame0,0,32,00000000000000000000000000000000
frame1,1,32,00000000000000000000000000000000
frame2,2,32,00000000000000000000000000000000
frame3,3,32,00000000000000000000000000000000
frame4,4,32,00000000000000000000000000000000
frame5,5,32,00000000000000000000000000000000
frame6,6,32,00000000000000000000000000000000
frame7,7,32,00000000000000000000000000000000
frame8,8,32,00000000000000000000000000000000
frame9,9,32,00000000000000000000000000000000
frame10,10,32,00000000000000000000000000000000
frame11,11,32,00000000000000000000000000000000
frame12,12,32,00000000000000000000000000000000
frame13,13,32,00000000000000000000000000000000
frame14,14,32,00000000000000000000000000000000
frame15,15,32,00000000000000000000000000000000
frame16,16,32,00000000000000000000000000000000
frame17,17,32,00000000000000000000000000000000
frame18,18,32,00000000000000000000000000000000
frame19,19,32,00000000000000000000000000000000

X7Y15,DSP_top,7,15
frame0,0,32,00000000000000000000000000000000
frame1,1,32,00000000000000000000000000000000
frame2,2,32,00000000000000000000000000000000
frame3,3,32,00000000000000000000000000000000
frame4,4,32,00000000000000000000000000000000
frame5,5,32,00000000000000000000000000000000
frame6,6,32,00000000000000000000000000000000
frame7,7,32,00000000000000000000000000000000
frame8,8,32,00000000000000000000000000000000
frame9,9,32,00000000000000000000000000000000
frame10,10,32,00000000000000000000000000000000
frame11,11,32,00000000000000000000000000000000
frame12,12,32,00000000000000000000000000000000
frame13,13,32,00000000000000000000000000000000
frame14,14,32,00000000000000000000000000000000
frame15,15,32,00000000000000000000000000000000
frame16,16,32,00000000000000000000000000000000
frame17,17,32,00000000000000000000000000000000
frame18,18,32,00000000000000000000000000000000
frame19,19,32,00000000000000000000000000000000

X8Y15,LUT4AB,8,15
frame0,0,32,00000000000000000000000000000000
frame1,1,32,00000000000000000000000000000000
frame2,2,32,00000000000000000000000000000000
frame3,3,32,00000000000000000000000000000000
frame4,4,32,00000000000000000000000000000000
frame5,5,32,00000000000000000000000000000000
frame6,6,32,00000000000000000000000000000000
frame7,7,32,00000000000000000000000000000000
frame8,8,32,00000000000000000000000000000000
frame9,9,32,00000000000000000000000000000000
frame10,10,32,00000000000000000000000000000000
frame11,11,32,00000000000000000000000000000000
frame12,12,32,00000000000000000000000000000000
frame13,13,32,00000000000000000000000000000000
frame14,14,32,00000000000000000000000000000000
frame15,15,32,00000000000000000000000000000000
frame16,16,32,00000000000000000000000000000000
frame17,17,32,00000000000000000000000000000000
frame18,18,32,00000000000000000000000000000000
frame19,19,32,00000000000000000000000000000000

X9Y15,LUT4AB,9,15
frame0,0,32,00000000000000000000000000000000
frame1,1,32,00000000000000000000000000000000
frame2,2,32,00000000000000000000000000000000
frame3,3,32,00000000000000000000000000000000
frame4,4,32,00000000000000000000000000000000
frame5,5,32,00000000000000000000000000000000
frame6,6,32,00000000000000000000000000000000
frame7,7,32,00000000000000000000000000000000
frame8,8,32,00000000000000000000000000000000
frame9,9,32,00000000000000000000000000000000
frame10,10,32,00000000000000000000000000000000
frame11,11,32,00000000000000000000000000000000
frame12,12,32,00000000000000000000000000000000
frame13,13,32,00000000000000000000000000000000
frame14,14,32,00000000000000000000000000000000
frame15,15,32,00000000000000000000000000000000
frame16,16,32,00000000000000000000000000000000
frame17,17,32,00000000000000000000000000000000
frame18,18,32,00000000000000000000000000000000
frame19,19,32,00000000000000000000000000000000

X10Y15,RAM_IO,10,15
frame0,0,32,00000000000000000000000000000000
frame1,1,32,00000000000000000000000000000000
frame2,2,32,00000000000000000000000000000000
frame3,3,32,00000000000000000000000000000000
frame4,4,32,00000000000000000000000000000000
frame5,5,32,00000000000000000000000000000000
frame6,6,32,00000000000000000000000000000000
frame7,7,32,00000000000000000000000000000000
frame8,8,32,00000000000000000000000000000000
frame9,9,32,00000000000000000000000000000000
frame10,10,32,00000000000000000000000000000000
frame11,11,32,00000000000000000000000000000000
frame12,12,32,00000000000000000000000000000000
frame13,13,32,00000000000000000000000000000000
frame14,14,32,00000000000000000000000000000000
frame15,15,32,00000000000000000000000000000000
frame16,16,32,00000000000000000000000000000000
frame17,17,32,00000000000000000000000000000000
frame18,18,32,00000000000000000000000000000000
frame19,19,32,00000000000000000000000000000000

X0Y14,W_IO,0,14
frame0,0,32,11100111110011000000000000000000
frame1,1,32,00000000000000000000000000000000
frame2,2,32,00000000000000000000000000000000
frame3,3,32,00000000000000000000000000000000
frame4,4,32,00000000000000000000000000000000
frame5,5,32,00000000000000000000000000000000
frame6,6,32,00000000000000000000000000000000
frame7,7,32,00000000000000000000000000000000
frame8,8,32,00000000000000000000000000000000
frame9,9,32,00000000000000000000000000000000
frame10,10,32,00000000000000000000000000000000
frame11,11,32,00000000000000000000000000000000
frame12,12,32,00000000000000000000000000000000
frame13,13,32,00000000000000000000000000000000
frame14,14,32,00000000000000000000000000000000
frame15,15,32,00000000000000000000000000000000
frame16,16,32,00000000000000000000000000000000
frame17,17,32,00000000000000000000000000000000
frame18,18,32,00000000000000000000000000000000
frame19,19,32,00000000000000000000000000000000

X1Y14,LUT4AB,1,14
frame0,0,32,00000000000000000000000000000000
frame1,1,32,00000000000000100000000000000000
frame2,2,32,00000000100000000000000000000000
frame3,3,32,00000000000000000000000000000000
frame4,4,32,00000000000000000000000000000000
frame5,5,32,00000000000000000000000000000000
frame6,6,32,00000000000000000000000000000000
frame7,7,32,00000000000000000000000000000000
frame8,8,32,00000000000000000000000000000000
frame9,9,32,00000000000000000000000000000000
frame10,10,32,00000000000000000000000000000000
frame11,11,32,00000000000000000000000000000000
frame12,12,32,00000000000000000000000000000000
frame13,13,32,00000000000000000000000000000000
frame14,14,32,00000000000000000000000000000000
frame15,15,32,00000000000000000000000000000000
frame16,16,32,00000000000000000000000000000000
frame17,17,32,00000000000000000000000000000000
frame18,18,32,00000000000000000000000000000000
frame19,19,32,00000000000000000000000000000000

X2Y14,LUT4AB,2,14
frame0,0,32,00000000000000000000000000000000
frame1,1,32,00000000000000000000000000000000
frame2,2,32,00000000000000000000000000000000
frame3,3,32,00000000000000000000000000000000
frame4,4,32,00000000000000000000000000000000
frame5,5,32,00000000000000000000000000000000
frame6,6,32,00000000000000000000000000000000
frame7,7,32,00000000000000000000000000000000
frame8,8,32,00000000000000000000000000000000
frame9,9,32,00000000000000000000000000000000
frame10,10,32,00000000000000000000000000000000
frame11,11,32,00000000000000000000000000000000
frame12,12,32,00000000000000000000000000000000
frame13,13,32,00000000000000000000000000000000
frame14,14,32,00000000000000000000000000000000
frame15,15,32,00000000000000000000000000000000
frame16,16,32,00000000000000000000000000000000
frame17,17,32,00000000000000000000000000000000
frame18,18,32,00000000000000000000000000000000
frame19,19,32,00000000000000000000000000000000

X3Y14,RegFile,3,14
frame0,0,32,00000000000000000000000000000000
frame1,1,32,00000000000000000000000000000000
frame2,2,32,00000000000000000000000000000000
frame3,3,32,00000000000000000000000000000000
frame4,4,32,00000000000000000000000000000000
frame5,5,32,00000000000000000000000000000000
frame6,6,32,00000000000000000000000000000000
frame7,7,32,00000000000000000000000000000000
frame8,8,32,00000000000000000000000000000000
frame9,9,32,00000000000000000000000000000000
frame10,10,32,00000000000000000000000000000000
frame11,11,32,00000000000000000000000000000000
frame12,12,32,00000000000000000000000000000000
frame13,13,32,00000000000000000000000000000000
frame14,14,32,00000000000000000000000000000000
frame15,15,32,00000000000000000000000000000000
frame16,16,32,00000000000000000000000000000000
frame17,17,32,00000000000000000000000000000000
frame18,18,32,00000000000000000000000000000000
frame19,19,32,00000000000000000000000000000000

X4Y14,LUT4AB,4,14
frame0,0,32,00000000000000000000000000000000
frame1,1,32,00000000000000000000000000000000
frame2,2,32,00000000000000000000000000000000
frame3,3,32,00000000000000000000000000000000
frame4,4,32,00000000000000000000000000000000
frame5,5,32,00000000000000000000000000000000
frame6,6,32,00000000000000000000000000000000
frame7,7,32,00000000000000000000000000000000
frame8,8,32,00000000000000000000000000000000
frame9,9,32,00000000000000000000000000000000
frame10,10,32,00000000000000000000000000000000
frame11,11,32,00000000000000000000000000000000
frame12,12,32,00000000000000000000000000000000
frame13,13,32,00000000000000000000000000000000
frame14,14,32,00000000000000000000000000000000
frame15,15,32,00000000000000000000000000000000
frame16,16,32,00000000000000000000000000000000
frame17,17,32,00000000000000000000000000000000
frame18,18,32,00000000000000000000000000000000
frame19,19,32,00000000000000000000000000000000

X5Y14,LUT4AB,5,14
frame0,0,32,00000000000000000000000000000000
frame1,1,32,00000000000000000000000000000000
frame2,2,32,00000000000000000000000000000000
frame3,3,32,00000000000000000000000000000000
frame4,4,32,00000000000000000000000000000000
frame5,5,32,00000000000000000000000000000000
frame6,6,32,00000000000000000000000000000000
frame7,7,32,00000000000000000000000000000000
frame8,8,32,00000000000000000000000000000000
frame9,9,32,00000000000000000000000000000000
frame10,10,32,00000000000000000000000000000000
frame11,11,32,00000000000000000000000000000000
frame12,12,32,00000000000000000000000000000000
frame13,13,32,00000000000000000000000000000000
frame14,14,32,00000000000000000000000000000000
frame15,15,32,00000000000000000000000000000000
frame16,16,32,00000000000000000000000000000000
frame17,17,32,00000000000000000000000000000000
frame18,18,32,00000000000000000000000000000000
frame19,19,32,00000000000000000000000000000000

X6Y14,LUT4AB,6,14
frame0,0,32,00000000000000000000000000000000
frame1,1,32,00000000000000000000000000000000
frame2,2,32,00000000000000000000000000000000
frame3,3,32,00000000000000000000000000000000
frame4,4,32,00000000000000000000000000000000
frame5,5,32,00000000000000000000000000000000
frame6,6,32,00000000000000000000000000000000
frame7,7,32,00000000000000000000000000000000
frame8,8,32,00000000000000000000000000000000
frame9,9,32,00000000000000000000000000000000
frame10,10,32,00000000000000000000000000000000
frame11,11,32,00000000000000000000000000000000
frame12,12,32,00000000000000000000000000000000
frame13,13,32,00000000000000000000000000000000
frame14,14,32,00000000000000000000000000000000
frame15,15,32,00000000000000000000000000000000
frame16,16,32,00000000000000000000000000000000
frame17,17,32,00000000000000000000000000000000
frame18,18,32,00000000000000000000000000000000
frame19,19,32,00000000000000000000000000000000

X7Y14,DSP_bot,7,14
frame0,0,32,00000000000000000000000000000000
frame1,1,32,00000000000000000000000000000000
frame2,2,32,00000000000000000000000000000000
frame3,3,32,00000000000000000000000000000000
frame4,4,32,00000000000000000000000000000000
frame5,5,32,00000000000000000000000000000000
frame6,6,32,00000000000000000000000000000000
frame7,7,32,00000000000000000000000000000000
frame8,8,32,00000000000000000000000000000000
frame9,9,32,00000000000000000000000000000000
frame10,10,32,00000000000000000000000000000000
frame11,11,32,00000000000000000000000000000000
frame12,12,32,00000000000000000000000000000000
frame13,13,32,00000000000000000000000000000000
frame14,14,32,00000000000000000000000000000000
frame15,15,32,00000000000000000000000000000000
frame16,16,32,00000000000000000000000000000000
frame17,17,32,00000000000000000000000000000000
frame18,18,32,00000000000000000000000000000000
frame19,19,32,00000000000000000000000000000000

X8Y14,LUT4AB,8,14
frame0,0,32,00000000000000000000000000000000
frame1,1,32,00000000000000000000000000000000
frame2,2,32,00000000000000000000000000000000
frame3,3,32,00000000000000000000000000000000
frame4,4,32,00000000000000000000000000000000
frame5,5,32,00000000000000000000000000000000
frame6,6,32,00000000000000000000000000000000
frame7,7,32,00000000000000000000000000000000
frame8,8,32,00000000000000000000000000000000
frame9,9,32,00000000000000000000000000000000
frame10,10,32,00000000000000000000000000000000
frame11,11,32,00000000000000000000000000000000
frame12,12,32,00000000000000000000000000000000
frame13,13,32,00000000000000000000000000000000
frame14,14,32,00000000000000000000000000000000
frame15,15,32,00000000000000000000000000000000
frame16,16,32,00000000000000000000000000000000
frame17,17,32,00000000000000000000000000000000
frame18,18,32,00000000000000000000000000000000
frame19,19,32,00000000000000000000000000000000

X9Y14,LUT4AB,9,14
frame0,0,32,00000000000000000000000000000000
frame1,1,32,00000000000000000000000000000000
frame2,2,32,00000000000000000000000000000000
frame3,3,32,00000000000000000000000000000000
frame4,4,32,00000000000000000000000000000000
frame5,5,32,00000000000000000000000000000000
frame6,6,32,00000000000000000000000000000000
frame7,7,32,00000000000000000000000000000000
frame8,8,32,00000000000000000000000000000000
frame9,9,32,00000000000000000000000000000000
frame10,10,32,00000000000000000000000000000000
frame11,11,32,00000000000000000000000000000000
frame12,12,32,00000000000000000000000000000000
frame13,13,32,00000000000000000000000000000000
frame14,14,32,00000000000000000000000000000000
frame15,15,32,00000000000000000000000000000000
frame16,16,32,00000000000000000000000000000000
frame17,17,32,00000000000000000000000000000000
frame18,18,32,00000000000000000000000000000000
frame19,19,32,00000000000000000000000000000000

X10Y14,RAM_IO,10,14
frame0,0,32,00000000000000000000000000000000
frame1,1,32,00000000000000000000000000000000
frame2,2,32,00000000000000000000000000000000
frame3,3,32,00000000000000000000000000000000
frame4,4,32,00000000000000000000000000000000
frame5,5,32,00000000000000000000000000000000
frame6,6,32,00000000000000000000000000000000
frame7,7,32,00000000000000000000000000000000
frame8,8,32,00000000000000000000000000000000
frame9,9,32,00000000000000000000000000000000
frame10,10,32,00000000000000000000000000000000
frame11,11,32,00000000000000000000000000000000
frame12,12,32,00000000000000000000000000000000
frame13,13,32,00000000000000000000000000000000
frame14,14,32,00000000000000000000000000000000
frame15,15,32,00000000000000000000000000000000
frame16,16,32,00000000000000000000000000000000
frame17,17,32,00000000000000000000000000000000
frame18,18,32,00000000000000000000000000000000
frame19,19,32,00000000000000000000000000000000

X0Y13,W_IO,0,13
frame0,0,32,11101011110101000000000000000000
frame1,1,32,00000000000000000000000000000000
frame2,2,32,00000000000000000000000000000000
frame3,3,32,00000000000000000000000000000000
frame4,4,32,00000000000000000000000000000000
frame5,5,32,00000000000000000000000000000000
frame6,6,32,00000000000000000000000000000000
frame7,7,32,00000000000000000000000000000000
frame8,8,32,00000000000000000000000000000000
frame9,9,32,00000000000000000000000000000000
frame10,10,32,00000000000000000000000000000000
frame11,11,32,00000000000000000000000000000000
frame12,12,32,00000000000000000000000000000000
frame13,13,32,00000000000000000000000000000000
frame14,14,32,00000000000000000000000000000000
frame15,15,32,00000000000000000000000000000000
frame16,16,32,00000000000000000000000000000000
frame17,17,32,00000000000000000000000000000000
frame18,18,32,00000000000000000000000000000000
frame19,19,32,00000000000000000000000000000000

X1Y13,LUT4AB,1,13
frame0,0,32,00000000000000000001000000000000
frame1,1,32,00000000100000000000000010000000
frame2,2,32,00000000000000000000000000000000
frame3,3,32,00000000000000000000000000000000
frame4,4,32,00000100000000000000000000000000
frame5,5,32,00000010000000000000000000000000
frame6,6,32,00000000000000000000000000000000
frame7,7,32,00000000000000000000000000000000
frame8,8,32,01000000000000000000000000000000
frame9,9,32,00000000000000000000000000000000
frame10,10,32,00000000000000000000000000000000
frame11,11,32,00000000000000000000000000000000
frame12,12,32,00000000000000000000000000000000
frame13,13,32,00000000000000000000000000000000
frame14,14,32,00000000000000000000000000000000
frame15,15,32,00000000000000000000000000000000
frame16,16,32,00000000000000000000000000000000
frame17,17,32,00000000000000000000000000000000
frame18,18,32,00000000000000000000000000000000
frame19,19,32,00000000000000000100000010000000

X2Y13,LUT4AB,2,13
frame0,0,32,00000000000000001000000000000000
frame1,1,32,00000000000000000000000010000000
frame2,2,32,00000000000000000000000000000000
frame3,3,32,00000000010000000000000000000000
frame4,4,32,00000000000000000000000000000000
frame5,5,32,00000000000010000000000000000000
frame6,6,32,00000000000000000000000100000000
frame7,7,32,00000000000000000000000000000000
frame8,8,32,00000000000000000000000000000000
frame9,9,32,00000000000000000000000000000000
frame10,10,32,00000000000000000000000000000000
frame11,11,32,00000000000000000000000000000000
frame12,12,32,00000000000000000000000000000000
frame13,13,32,00000000000000000000000000000000
frame14,14,32,00000000000000000000000000000000
frame15,15,32,00000000000000000000000000000000
frame16,16,32,00000000000000000000000000000000
frame17,17,32,00000000000000000000000000000000
frame18,18,32,00000000000000000000000000000000
frame19,19,32,00000000000000000000000011000000

X3Y13,RegFile,3,13
frame0,0,32,00000000000000000000000000000000
frame1,1,32,00000000000000000000000000000000
frame2,2,32,00000000000000000000000001000000
frame3,3,32,00000000000000000000000000000000
frame4,4,32,00000000000001010000000000000000
frame5,5,32,00000000000000000000000000000000
frame6,6,32,00000000000000000000000000000000
frame7,7,32,00000000000000000000000000000000
frame8,8,32,00000000000000000000000000000000
frame9,9,32,00000000000000000000000000000000
frame10,10,32,00100000000000000000000000000000
frame11,11,32,00000000000000000000000000000000
frame12,12,32,00000000000000000000000000000000
frame13,13,32,00000000000000000000000000000000
frame14,14,32,00000000000000000000000000000000
frame15,15,32,00000000000000000000000000000000
frame16,16,32,00000000000000000000000000000000
frame17,17,32,00000000000000000000000000000000
frame18,18,32,00000000000000000000000000000000
frame19,19,32,00000000000000000000000000000000

X4Y13,LUT4AB,4,13
frame0,0,32,00000000000000000000000000000000
frame1,1,32,00000000000000000000000000000000
frame2,2,32,00000000000000000000000000000000
frame3,3,32,00000000000000000000000000000000
frame4,4,32,00000000000000000000000000000000
frame5,5,32,00000000000000000000000000000000
frame6,6,32,00000000000000000000000000000000
frame7,7,32,00000000000000000000000000000000
frame8,8,32,00000000000000000000000000000000
frame9,9,32,00000000000000000000000000000000
frame10,10,32,00000000000000000000000000000000
frame11,11,32,00000000000000000000000000000000
frame12,12,32,00000000000000000000000000000000
frame13,13,32,00000000000000000000000000000000
frame14,14,32,00000000000000000000000000000000
frame15,15,32,00000000000000000000000000000000
frame16,16,32,00000000000000000000000000000000
frame17,17,32,00000000000000000000000000000000
frame18,18,32,00000000000000000000000000000000
frame19,19,32,00000000000000000000000000000000

X5Y13,LUT4AB,5,13
frame0,0,32,00000000000000000000000010000000
frame1,1,32,00000000000001000000000100000000
frame2,2,32,00000000000000000110000000000000
frame3,3,32,00000000000000001000000000000000
frame4,4,32,00000000000000000000000000000000
frame5,5,32,00000000000000000000000000010000
frame6,6,32,00000000000000000000100000000000
frame7,7,32,00000000000010000000000000000000
frame8,8,32,00000000000000001000000000000000
frame9,9,32,00000000000100000000000000000000
frame10,10,32,00000000000000000000000000000000
frame11,11,32,00000000000000000000000000000000
frame12,12,32,00000000000000000000000000000000
frame13,13,32,00000000000000000000000000000000
frame14,14,32,00000000000000000000000000000000
frame15,15,32,00000000000000000000000000000000
frame16,16,32,00000000000000000000000000000000
frame17,17,32,00000000000000000000000000000000
frame18,18,32,00000000000000000000000000000000
frame19,19,32,00000000000000000000001100000000

X6Y13,LUT4AB,6,13
frame0,0,32,00000000100000000000000000000000
frame1,1,32,00000000000000000000000000000100
frame2,2,32,00000000000000000000000000000000
frame3,3,32,00000000000000000000000000000000
frame4,4,32,00000000000000000010000000000000
frame5,5,32,00000000000000001010000000000000
frame6,6,32,00000000000000000000000000000000
frame7,7,32,00000000000000000000010000000000
frame8,8,32,00000000000000000000100010000000
frame9,9,32,00000000000000000000000000000000
frame10,10,32,00100000000000000000000000001000
frame11,11,32,00000000000000000000000000000000
frame12,12,32,00000000000000000000000000000000
frame13,13,32,00000000000000000000000000000000
frame14,14,32,00000000000000001000000000000000
frame15,15,32,00001000000000000000000000000000
frame16,16,32,00000000000000000000000000000100
frame17,17,32,00000000000000000000000000000000
frame18,18,32,00000000000000000000000000011000
frame19,19,32,00000000000000000000010000000000

X7Y13,DSP_top,7,13
frame0,0,32,00000000000000000000000000000000
frame1,1,32,00000000000000000000000000000000
frame2,2,32,00000000000000000000000000000000
frame3,3,32,00000000000000000000000000000000
frame4,4,32,00000000000000000000000000000000
frame5,5,32,00000000000000000000000000000000
frame6,6,32,00000000000000010000000000000000
frame7,7,32,00000000000000000000000000000000
frame8,8,32,00000000000000000000000001000000
frame9,9,32,00000000000000000000000000000000
frame10,10,32,00000000000000000000000000000000
frame11,11,32,00000000000000000000000000000000
frame12,12,32,00000000000000000000000000000000
frame13,13,32,00000000000000000000000000000000
frame14,14,32,00000000000000000000000000000000
frame15,15,32,00000000000000000000000000000000
frame16,16,32,00000000000000000000000000000000
frame17,17,32,00000000000000000000000000000000
frame18,18,32,00000000000000000000000000000000
frame19,19,32,00000000000000000000000000000000

X8Y13,LUT4AB,8,13
frame0,0,32,00000000000000000000000000000000
frame1,1,32,00000000000000000000000000000000
frame2,2,32,00000000000000000001100000000000
frame3,3,32,00000000000000000000000000000000
frame4,4,32,00000000000000000000000000000000
frame5,5,32,00000000000000000000000000000000
frame6,6,32,00000000000000000000000000000000
frame7,7,32,00000000000000000000000000000000
frame8,8,32,00000000000000000000000000000000
frame9,9,32,00000000000000000000000000000000
frame10,10,32,00000000000000000000000000000000
frame11,11,32,00000000000000000000000000000000
frame12,12,32,00000000000000000000000000000000
frame13,13,32,00000000000000000000000000000000
frame14,14,32,00000000000000000000000000000000
frame15,15,32,00000000000000000000000000000000
frame16,16,32,00000000000000000000000000000000
frame17,17,32,00000000000000000000000000000000
frame18,18,32,00000000000000000000000000000000
frame19,19,32,00000000000000000000000000000000

X9Y13,LUT4AB,9,13
frame0,0,32,00000000000000000000000000000000
frame1,1,32,00000000000000000000000000000000
frame2,2,32,00000000000000000000000000000000
frame3,3,32,00000000000000000000000000000000
frame4,4,32,00000000000000000000000000000000
frame5,5,32,00000000000000000000000000000000
frame6,6,32,00000000000000000000000000000000
frame7,7,32,00000000000000000000000000000000
frame8,8,32,00000000000000000000000000000000
frame9,9,32,00000000000000000000000000000000
frame10,10,32,00000000000000000000000000000000
frame11,11,32,00000000000000000000000000000000
frame12,12,32,00000000000000000000000000000000
frame13,13,32,00000000000000000000000000000000
frame14,14,32,00000000000000000000000000000000
frame15,15,32,00000000000000000000000000000000
frame16,16,32,00000000000000000000000000000000
frame17,17,32,00000000000000000000000000000000
frame18,18,32,00000000000000000000000000000000
frame19,19,32,00000000000000000000000000000000

X10Y13,RAM_IO,10,13
frame0,0,32,00000000000000000000000000000000
frame1,1,32,00000000000000000000000000000000
frame2,2,32,00000000000000000000000000000000
frame3,3,32,00000000000000000000000000000000
frame4,4,32,00000000000000000000000000000000
frame5,5,32,00000000000000000000000000000000
frame6,6,32,00000000000000000000000000000000
frame7,7,32,00000000000000000000000000000000
frame8,8,32,00000000000000000000000000000000
frame9,9,32,00000000000000000000000000000000
frame10,10,32,00000000000000000000000000000000
frame11,11,32,00000000000000000000000000000000
frame12,12,32,00000000000000000000000000000000
frame13,13,32,00000000000000000000000000000000
frame14,14,32,00000000000000000000000000000000
frame15,15,32,00000000000000000000000000000000
frame16,16,32,00000000000000000000000000000000
frame17,17,32,00000000000000000000000000000000
frame18,18,32,00000000000000000000000000000000
frame19,19,32,00000000000000000000000000000000

X0Y12,W_IO,0,12
frame0,0,32,11101111110111000000000000000000
frame1,1,32,00000000000000000000000000000000
frame2,2,32,00000000000000000000100000000000
frame3,3,32,00000000000000000000000000000000
frame4,4,32,00000000000000000000000000000000
frame5,5,32,00000000000000000000000000000000
frame6,6,32,00000000000000000000000000000000
frame7,7,32,00000000000000000000000000000000
frame8,8,32,00000000000000000000000000000000
frame9,9,32,00000000000000000000000000000000
frame10,10,32,00000000000000000000000000000000
frame11,11,32,00000000000000000000000000000000
frame12,12,32,00000000000000000000000000000000
frame13,13,32,00000000000000000000000000000000
frame14,14,32,00000000000000000000000000000000
frame15,15,32,00000000000000000000000000000000
frame16,16,32,00000000000000000000000000000000
frame17,17,32,00000000000000000000000000000000
frame18,18,32,00000000000000000000000000000000
frame19,19,32,00000000000000000000000000000000

X1Y12,LUT4AB,1,12
frame0,0,32,00000000000000001010010000100000
frame1,1,32,00100011000100000000011100000000
frame2,2,32,00000000000001011000101100010000
frame3,3,32,00000000000010000011100010010000
frame4,4,32,00000100010000000011000100000000
frame5,5,32,00000000000000000011000000100000
frame6,6,32,00000000000001110000100001000000
frame7,7,32,01101000000000100000100000000000
frame8,8,32,01001100000000000000010100000100
frame9,9,32,10100000001000111000000011000001
frame10,10,32,00000000000000001100010000000000
frame11,11,32,00000000000000001000000000100101
frame12,12,32,01010000000000000001100101010010
frame13,13,32,00000000000000000000000011100000
frame14,14,32,00100000000000100010000000000000
frame15,15,32,00000000100000000100000000000000
frame16,16,32,01011100000000000010000000110000
frame17,17,32,00110000000000000010000100000000
frame18,18,32,00100000000001010000000000000000
frame19,19,32,00000000000000011000000011000000

X2Y12,LUT4AB,2,12
frame0,0,32,00000000000000001010001001100000
frame1,1,32,00000000000001000000000000000000
frame2,2,32,00000001100001110001100100000000
frame3,3,32,00000000000100000001100000000000
frame4,4,32,00000010001010000011000010000000
frame5,5,32,00000000001001000000010100000101
frame6,6,32,00000000000000100000000110000100
frame7,7,32,00001000000010101000000000000000
frame8,8,32,01000000000000001001100100000100
frame9,9,32,10100000000110001000010000010000
frame10,10,32,00110000000000000010000100000000
frame11,11,32,00000000000000000110000000000000
frame12,12,32,00000010000000000000000010000000
frame13,13,32,00001000001000000001000000000100
frame14,14,32,00000010000000101000000000011100
frame15,15,32,01001000100001100110000000000111
frame16,16,32,00001100000000000000000000110100
frame17,17,32,00010000000000000000010100000000
frame18,18,32,00100000000000000000000000011000
frame19,19,32,00000000000000000000000000000000

X3Y12,RegFile,3,12
frame0,0,32,10000000000000000000000000000000
frame1,1,32,00000000000001110000000000000000
frame2,2,32,00000000000000000000000000000000
frame3,3,32,00100101010101100000000000000110
frame4,4,32,00000000000000000101000000000010
frame5,5,32,00000000000000000000000000000000
frame6,6,32,00000000000000000000000000000000
frame7,7,32,00000000000000000000000000000000
frame8,8,32,00000000000000000000000000000000
frame9,9,32,00000000000000000000000000000000
frame10,10,32,00000000000000000000000000000000
frame11,11,32,10000000000000000000000000111000
frame12,12,32,00000000000000000000000000000000
frame13,13,32,00000000000000000000000000000000
frame14,14,32,00000000000000000000000000000000
frame15,15,32,00000000000000000000000000000000
frame16,16,32,00000000000000000000000000000000
frame17,17,32,00000000000000000000000000000000
frame18,18,32,00000000000000000000000000000000
frame19,19,32,00000000000000000000000000000000

X4Y12,LUT4AB,4,12
frame0,0,32,00000000000000100000000110000010
frame1,1,32,00000000000001100000000010101000
frame2,2,32,00000100010000001100001000010000
frame3,3,32,00010000000001000000000001110000
frame4,4,32,00000000000000000001110000000000
frame5,5,32,00000011100000000010000000100000
frame6,6,32,00000000000000000100001010000000
frame7,7,32,00010100011000011000001100001000
frame8,8,32,00101000000000000010000010000000
frame9,9,32,00000000000110000000000000010000
frame10,10,32,10110000000000000101000000001100
frame11,11,32,00000001010000000110100010000000
frame12,12,32,00001100000000000000000001000000
frame13,13,32,00011101000000000001001010001001
frame14,14,32,00000000000000000000000001100010
frame15,15,32,00010000000000000100100000010001
frame16,16,32,00000000000000000010000000100000
frame17,17,32,00000111000000000011000110100000
frame18,18,32,00000110011001111001101000000000
frame19,19,32,00000000000000000000000011000100

X5Y12,LUT4AB,5,12
frame0,0,32,00000001100000000001011100110000
frame1,1,32,00000010000000001000001010000000
frame2,2,32,00000001100000011111101001110000
frame3,3,32,00000001000000010110100100010000
frame4,4,32,00000000010000000000000100000000
frame5,5,32,00000010000100101000000000000000
frame6,6,32,00000000000001100000000000000001
frame7,7,32,11100100000000000000110000000100
frame8,8,32,11001000000000000000000000000000
frame9,9,32,10000000000000000001110100000000
frame10,10,32,00010000000000100000010000000001
frame11,11,32,00000010000000110010000000000110
frame12,12,32,00000000000000000000001100000000
frame13,13,32,00000100001000000001000000000000
frame14,14,32,00001000000001100000000001110000
frame15,15,32,00000001000111000100100010000100
frame16,16,32,00100101110000010000000000010000
frame17,17,32,00110001100001000100010100000000
frame18,18,32,00000001111000100000000001111000
frame19,19,32,00000001100000001101010110000000

X6Y12,LUT4AB,6,12
frame0,0,32,00000000000000100000000000011000
frame1,1,32,00000010100001010000010010100000
frame2,2,32,00000001000000110000100000000000
frame3,3,32,01000000000010000000000010000000
frame4,4,32,00001000000001000010000000100001
frame5,5,32,00000010000101101010000001010001
frame6,6,32,00000000000000110000100100000000
frame7,7,32,00000100100000000000010000001000
frame8,8,32,00000000000000000100000000000000
frame9,9,32,10000000000100000000010000010001
frame10,10,32,00000000000000010010010111001000
frame11,11,32,11000000000000010000000000100110
frame12,12,32,00000100000000000000000000001000
frame13,13,32,00000000100000000001000000000100
frame14,14,32,01001000000111101000100000001000
frame15,15,32,01000100000111100100000001000000
frame16,16,32,00100001110000100000000001110100
frame17,17,32,00010000100000001000011111111000
frame18,18,32,00000000000000000000101011000000
frame19,19,32,00000000000000001110000001010000

X7Y12,DSP_bot,7,12
frame0,0,32,00000000001100000000000000000000
frame1,1,32,00000011000000000000000000000000
frame2,2,32,00000000000000000001000000000000
frame3,3,32,00000010011100000000000000000000
frame4,4,32,00000000000000100010000000000000
frame5,5,32,00000000000000000000000000000000
frame6,6,32,00000000000000011000000000000000
frame7,7,32,00000000000000000000000000000000
frame8,8,32,00000000000000000000000000000000
frame9,9,32,00000000000000000000000000000000
frame10,10,32,00010100000000000000000000000000
frame11,11,32,00000000000000000000000000111000
frame12,12,32,00000000000000000000000000000000
frame13,13,32,00000000000000000000000000000000
frame14,14,32,00000000000000000000000000000000
frame15,15,32,00000000000000000000000000000000
frame16,16,32,00000000000000000000000000000000
frame17,17,32,00000000000000000000000000000000
frame18,18,32,00000000000000000000000000000000
frame19,19,32,00000000000000000000000000000000

X8Y12,LUT4AB,8,12
frame0,0,32,00000000100000000000100001110000
frame1,1,32,00000000100000000100000010000000
frame2,2,32,00000001001000001000000000100000
frame3,3,32,00000010000000000000100001000000
frame4,4,32,00000000000000000010000110101000
frame5,5,32,10000000000000000000000000100000
frame6,6,32,00000000000000000001000000000000
frame7,7,32,00011100000000011000001100000001
frame8,8,32,00001100000000010000000100000100
frame9,9,32,00111000001011001010000100010000
frame10,10,32,00000000000100000001010011010000
frame11,11,32,00000001000010000000001000100000
frame12,12,32,10001000000000000001000000010000
frame13,13,32,10010001000000000000111011000000
frame14,14,32,00110000010001010010010001010000
frame15,15,32,00110001100000100010100000001001
frame16,16,32,00100101000001000101010010000000
frame17,17,32,00000000000010011000000100000000
frame18,18,32,00011110101001010011000000000000
frame19,19,32,00000000000000001110000100000000

X9Y12,LUT4AB,9,12
frame0,0,32,00000000000000001000000000000000
frame1,1,32,00000000010100010000000000000000
frame2,2,32,00000000000000000000000000000000
frame3,3,32,00000000000000000000000000000000
frame4,4,32,00000000000000000000000000000000
frame5,5,32,00000000000000000000000000000000
frame6,6,32,00000000000000000000000000000000
frame7,7,32,00000000000000010000000000000000
frame8,8,32,01000000000000000000000000000000
frame9,9,32,00000000000000000000000000000000
frame10,10,32,00000000000000000000000000000000
frame11,11,32,00000000000000000000000000000000
frame12,12,32,00000000000000000000000000000000
frame13,13,32,00000000000000000000000000000000
frame14,14,32,00000000000000000000000000000000
frame15,15,32,00000000000000000000000000000000
frame16,16,32,00000000000000000000000000000000
frame17,17,32,00000000000000000000000000000000
frame18,18,32,00000000000000000000000000000000
frame19,19,32,00000000000000110010000000000000

X10Y12,RAM_IO,10,12
frame0,0,32,00000000000000000000000000000000
frame1,1,32,00000000000000000000000000000000
frame2,2,32,00000000000000000000000000000000
frame3,3,32,00000000000000000000000000000000
frame4,4,32,00000000000000000000000000000000
frame5,5,32,00000000000000000000000000000000
frame6,6,32,00000000000000000000000000000000
frame7,7,32,00000000000000000000000000000000
frame8,8,32,00000000000000000000000000000000
frame9,9,32,00000000000000000000000000000000
frame10,10,32,00000000000000000000000000000000
frame11,11,32,00000000000000000000000000000000
frame12,12,32,00000000000000000000000000000000
frame13,13,32,00000000000000000000000000000000
frame14,14,32,00000000000000000000000000000000
frame15,15,32,00000000000000000000000000000000
frame16,16,32,00000000000000000000000000000000
frame17,17,32,00000000000000000000000000000000
frame18,18,32,00000000000000000000000000000000
frame19,19,32,00000000000000000000000000000000

X0Y11,W_IO,0,11
frame0,0,32,11100111110011000000000000000000
frame1,1,32,00000000000000000000000000000000
frame2,2,32,00000000000010100000000000000000
frame3,3,32,10000000000000000000000000000000
frame4,4,32,00000000000000000000000000000000
frame5,5,32,00000000000000000000000000000000
frame6,6,32,00000000000000000000000000000000
frame7,7,32,00000000000000000000000000000000
frame8,8,32,00000000000000000000000000000000
frame9,9,32,00000000000000000000000000000000
frame10,10,32,00000000000000000000000000000000
frame11,11,32,00000000000000000000000000000000
frame12,12,32,00000000000000000000000000000000
frame13,13,32,00000000000000000000000000000000
frame14,14,32,00000000000000000000000000000000
frame15,15,32,00000000000000000000000000000000
frame16,16,32,00000000000000000000000000000000
frame17,17,32,00000000000000000000000000000000
frame18,18,32,00000000000000000000000000000000
frame19,19,32,00000000000000000000000000000000

X1Y11,LUT4AB,1,11
frame0,0,32,00000000100000010111000011000000
frame1,1,32,11000000010011100010000000000000
frame2,2,32,00010000000100000110101110100000
frame3,3,32,00000010110000100110100100010010
frame4,4,32,00000000000000100111000110001000
frame5,5,32,10000000000011000111010000010000
frame6,6,32,00011000000000010100000000000000
frame7,7,32,11111000000100010101000110000010
frame8,8,32,11001100000000000000100000000000
frame9,9,32,00100000000100101000000011100000
frame10,10,32,00000000000000000001010011000000
frame11,11,32,11000000000000010000100010000111
frame12,12,32,00001100000000000000000000000000
frame13,13,32,00011011100000000000011000010011
frame14,14,32,00100000000000000010000001000010
frame15,15,32,00110000000000110111010000100100
frame16,16,32,01000100001100000000010000000000
frame17,17,32,00010001010000000000100010100000
frame18,18,32,00111001101000100000101000000000
frame19,19,32,00000000000000000110000100000000

X2Y11,LUT4AB,2,11
frame0,0,32,00000001100000001011110100110000
frame1,1,32,00110000000000010101000010100000
frame2,2,32,00000000100110010111101000100000
frame3,3,32,10000000011011000100100000000000
frame4,4,32,00010100011011000000000110001000
frame5,5,32,10000011100000111010000000100000
frame6,6,32,01010000000000011001101010000000
frame7,7,32,11110000000000000010010100010010
frame8,8,32,01110100000100001000000000000000
frame9,9,32,01001000100000100000010011100000
frame10,10,32,10100000000000000000000100100001
frame11,11,32,00100000000000000110010100010011
frame12,12,32,00000000000110000100000000110001
frame13,13,32,00000001001100000100000000001010
frame14,14,32,00000000110000001000100010110100
frame15,15,32,00010000100000100000000000000100
frame16,16,32,00011000000000000000000000000100
frame17,17,32,00100100001000000000000000000000
frame18,18,32,00000000000001000000000000000000
frame19,19,32,00000000000000000000100010000000

X3Y11,RegFile,3,11
frame0,0,32,11000000000000110000000011000000
frame1,1,32,00100000000000110000010101000000
frame2,2,32,00000000000000000000000100000000
frame3,3,32,00001000100100110100000000000000
frame4,4,32,00000000000001100100000000000011
frame5,5,32,00010000000000000000000000000010
frame6,6,32,00010000000101010110000000010000
frame7,7,32,00001101000000000001111100000000
frame8,8,32,01111100000011000101110111110100
frame9,9,32,00001110011000000000000000000000
frame10,10,32,00000000000000000000000000000000
frame11,11,32,00000110010100001100000000001000
frame12,12,32,00000000100000000000100001000000
frame13,13,32,00000000000000000000000000000000
frame14,14,32,00000000000000000000000000000000
frame15,15,32,00000000000000000000000000000000
frame16,16,32,00000000000000000000000000000000
frame17,17,32,00000000000000000000000000000000
frame18,18,32,00000000000000000000000000000000
frame19,19,32,00000000000000000000000000000000

X4Y11,LUT4AB,4,11
frame0,0,32,00000000000000000111000011001000
frame1,1,32,00000000011010000100000110001000
frame2,2,32,00000001101100010010101000010000
frame3,3,32,01000001000100100111100100010010
frame4,4,32,00000000010001100110100010000100
frame5,5,32,10000000100000101010000000100000
frame6,6,32,00000000000000111100011110000000
frame7,7,32,11110000000000111101010100000110
frame8,8,32,10000000100001110100110010000000
frame9,9,32,00001100000010100000000111100000
frame10,10,32,00110000000100011101100011110001
frame11,11,32,11000000000000000100011010000110
frame12,12,32,01011000000100100001111100010010
frame13,13,32,00011000000001010000100100000000
frame14,14,32,00011001100000101000000010100000
frame15,15,32,00100000100001100000000100110010
frame16,16,32,01010000100010010010000000100100
frame17,17,32,00000000100011000001000100011010
frame18,18,32,00100110011000000111000000000000
frame19,19,32,00000000000000100110011001010100

X5Y11,LUT4AB,5,11
frame0,0,32,00000000000000001000010101010000
frame1,1,32,00000000000111001001010000000100
frame2,2,32,00000001110100100010001000000000
frame3,3,32,10000001110101000100101000000000
frame4,4,32,00010010001010011000100010000000
frame5,5,32,10000011101000001110000010110000
frame6,6,32,00000100000000011100011010000000
frame7,7,32,01110101000001011100000100000010
frame8,8,32,00101000100000001100100000000010
frame9,9,32,00010000000011110000000000110001
frame10,10,32,10000000000000000001101011110000
frame11,11,32,11000000010000000100000100110000
frame12,12,32,11010100000010100000111010000000
frame13,13,32,10000011101000000000000000011010
frame14,14,32,01001000011000000000000100101000
frame15,15,32,00111100000000000000000011000010
frame16,16,32,00100000010000000111000001110000
frame17,17,32,00110000000000000000000000000000
frame18,18,32,00001010101001000010010000000000
frame19,19,32,00000000000011000011001000000000

X6Y11,LUT4AB,6,11
frame0,0,32,00000000000000001101001010000000
frame1,1,32,00000010100000100000110000010000
frame2,2,32,00000001100000111110010011000000
frame3,3,32,00000010000101110000110010000010
frame4,4,32,00000000000000100011100000000000
frame5,5,32,00000000010011100010000100000000
frame6,6,32,00001000001000111100100101000000
frame7,7,32,10000000100000000100000100000001
frame8,8,32,10001000000000000010000000110100
frame9,9,32,00010000001001000010000000010000
frame10,10,32,00100000000000000100001111001000
frame11,11,32,00000000000000001001000110100010
frame12,12,32,00000100000000000000100000000010
frame13,13,32,00000000000000100000000000001101
frame14,14,32,00100000001011111110100010000000
frame15,15,32,00000100000110001110000001100010
frame16,16,32,00000001110001100100001111110100
frame17,17,32,00100001100000011000011111111000
frame18,18,32,00000110011001010000101001100000
frame19,19,32,00000010000000101010011111011000

X7Y11,DSP_top,7,11
frame0,0,32,11000000000000000000000000000000
frame1,1,32,00001100111111110000000000000000
frame2,2,32,00000000000000000000000010101101
frame3,3,32,00000000101100000000000000000000
frame4,4,32,00000000000000000000101000000000
frame5,5,32,00000000000000000000000000000000
frame6,6,32,00000000000000100000000000000000
frame7,7,32,00000000000000000000000000000000
frame8,8,32,00000000000000000000001110000000
frame9,9,32,00000000000000000000000000000000
frame10,10,32,00000000000000000000000000000000
frame11,11,32,00000000000000000010000000000000
frame12,12,32,00000000000000000001000000000000
frame13,13,32,00000000000000000000000000000000
frame14,14,32,00000000000000000000000000000000
frame15,15,32,00000000000000000000000000000000
frame16,16,32,00000000000000000000000000000000
frame17,17,32,00000000000000000000000000000000
frame18,18,32,00000000000000000000000000000000
frame19,19,32,00000000000000000000000000000000

X8Y11,LUT4AB,8,11
frame0,0,32,00000000100000010110001111010001
frame1,1,32,00000000011100000100000000110100
frame2,2,32,00000001100010000100111000100000
frame3,3,32,00000010000001000000000100000000
frame4,4,32,00000000000011110100100101001100
frame5,5,32,11000010000000000001000000000000
frame6,6,32,00101000000000100001000000000000
frame7,7,32,01110000010010000011000000000000
frame8,8,32,00100000000000010000011110000100
frame9,9,32,00000000001000011000000001010000
frame10,10,32,10010000000100000000010001111000
frame11,11,32,00000000000110000110100100000100
frame12,12,32,10000000000010100001010011110000
frame13,13,32,10001000100010000000000011111001
frame14,14,32,00000000011000011100100001110000
frame15,15,32,00001001100000000010000000001010
frame16,16,32,00000000001010001011000000000000
frame17,17,32,00000000010010010110000100000010
frame18,18,32,00001000000001011011000000001000
frame19,19,32,00000000000000000110010000000000

X9Y11,LUT4AB,9,11
frame0,0,32,00000000100000000000101000000000
frame1,1,32,00000010000000100000000000000000
frame2,2,32,00000000000000000000000000000000
frame3,3,32,00000000011000000000000000000010
frame4,4,32,00000000000000000000000000000000
frame5,5,32,00000000000000000000000000000000
frame6,6,32,00000000000000000000000000000000
frame7,7,32,00000000000100000000001000000000
frame8,8,32,00000000000000000000000100000000
frame9,9,32,01000100000000011000000000000000
frame10,10,32,00000000000000000000000000100000
frame11,11,32,00000000000100001000010000000000
frame12,12,32,00000000000010100000000000010100
frame13,13,32,00000000000011110000000000000000
frame14,14,32,00000000011000000000000000000000
frame15,15,32,00000000000000000000000000000000
frame16,16,32,00000000000000000000000000000000
frame17,17,32,00000000000000000000000000000000
frame18,18,32,00000000000000000000000000000000
frame19,19,32,00000000000000000000100000000000

X10Y11,RAM_IO,10,11
frame0,0,32,00000000000000000000000000000000
frame1,1,32,00000000000000000000000000000000
frame2,2,32,00000000000000000000000000000000
frame3,3,32,00000000000000000000000000000000
frame4,4,32,00000000000000000000000000000000
frame5,5,32,00000000000000000000000000000000
frame6,6,32,00000000000000000000000000000000
frame7,7,32,00000000000000000000000000000000
frame8,8,32,00000000000000000000000000000000
frame9,9,32,00000000000000000000000000000000
frame10,10,32,00000000000000000000000000000000
frame11,11,32,00000000000000000000000000000000
frame12,12,32,00000000000000000000000000000000
frame13,13,32,00000000000000000000000000000000
frame14,14,32,00000000000000000000000000000000
frame15,15,32,00000000000000000000000000000000
frame16,16,32,00000000000000000000000000000000
frame17,17,32,00000000000000000000000000000000
frame18,18,32,00000000000000000000000000000000
frame19,19,32,00000000000000000000000000000000

X0Y10,W_IO,0,10
frame0,0,32,11101101110110000000000000000000
frame1,1,32,00000000000000000000000000000000
frame2,2,32,00000000000000001000000000000000
frame3,3,32,00100000000000000000000000000000
frame4,4,32,00000000000000000000000000000000
frame5,5,32,00000000000000000000000000000000
frame6,6,32,00000000000000000000000000000000
frame7,7,32,00000000000000000000000000000000
frame8,8,32,00000000000000000000000000000000
frame9,9,32,00000000000000000000000000000000
frame10,10,32,00000000000000000000000000000000
frame11,11,32,00000000000000000000000000000000
frame12,12,32,00000000000000000000000000000000
frame13,13,32,00000000000000000000000000000000
frame14,14,32,00000000000000000000000000000000
frame15,15,32,00000000000000000000000000000000
frame16,16,32,00000000000000000000000000000000
frame17,17,32,00000000000000000000000000000000
frame18,18,32,00000000000000000000000000000000
frame19,19,32,00000000000000000000000000000000

X1Y10,LUT4AB,1,10
frame0,0,32,00000000000000000000101010000000
frame1,1,32,10000000100100010001000110100000
frame2,2,32,00000110110001100000101000000000
frame3,3,32,00010100100000000010100000000010
frame4,4,32,00000000010011000000110000000100
frame5,5,32,00000000000000100010000000110000
frame6,6,32,00000000000001100000010010000101
frame7,7,32,01100100000100000010000000000000
frame8,8,32,01101100000000011000010000000100
frame9,9,32,10001000100000100000000011000000
frame10,10,32,10000000000100010000010011111100
frame11,11,32,00000001000100000000000110001011
frame12,12,32,00000100000010000100111000011000
frame13,13,32,00000000000000010001100000100010
frame14,14,32,00001001010000000000000001001100
frame15,15,32,01001000000100000000010000000010
frame16,16,32,00000101001000000000000010010000
frame17,17,32,00000110011100000000111100000000
frame18,18,32,00000000000000000000010000000000
frame19,19,32,00000000000000000110101001000000

X2Y10,LUT4AB,2,10
frame0,0,32,00000000000000000001000100100000
frame1,1,32,00000000100000000000100000100000
frame2,2,32,00000010100001000000011000000000
frame3,3,32,10000101011001000011000100010000
frame4,4,32,00010000001111000011100100000000
frame5,5,32,00000000010000000000000000100000
frame6,6,32,01001000101100110000001101000001
frame7,7,32,00000000010000100000000000000000
frame8,8,32,00110000000010010001000010000000
frame9,9,32,00011000010000101000000010001001
frame10,10,32,10100100000101001111010100110101
frame11,11,32,00000000000110001000000000110101
frame12,12,32,00001010000010110001110101000100
frame13,13,32,00011000000001111100010011011001
frame14,14,32,01010000011001010010000010101000
frame15,15,32,01001100000010001000000110010010
frame16,16,32,00000001000001010111000111100100
frame17,17,32,00000010000001010000000100000000
frame18,18,32,00000000000001110110000000111000
frame19,19,32,00000000000100000100010001010100

X3Y10,RegFile,3,10
frame0,0,32,11000000000000000000000000000001
frame1,1,32,00000000000010000000000000000000
frame2,2,32,00000000001000000000000001010000
frame3,3,32,01010110011010000000000000000000
frame4,4,32,00000000001100000010000000100000
frame5,5,32,00000000000000000000000000000000
frame6,6,32,00000000000000010000000000000000
frame7,7,32,00000000000000000000000000000000
frame8,8,32,00000000000000000000000000000000
frame9,9,32,00000000000000000000000000000000
frame10,10,32,00000000000000000000000000000000
frame11,11,32,00000000000000000000000000100000
frame12,12,32,00000000000000000000111101000000
frame13,13,32,00000000000000000000000000000000
frame14,14,32,00000000000000000000000000000000
frame15,15,32,00000000000000000000000000000000
frame16,16,32,00000000000000000000000000000000
frame17,17,32,00000000000000000000000000000000
frame18,18,32,00000000000000000000000000000000
frame19,19,32,00000000000000000000000000000000

X4Y10,LUT4AB,4,10
frame0,0,32,00000000000000011011000101100000
frame1,1,32,00000000110000000110110000100000
frame2,2,32,00000000010110000111111100100000
frame3,3,32,10000001110001001101100000000010
frame4,4,32,11010100000011100111100100111101
frame5,5,32,10000000010010110110000000100000
frame6,6,32,11011000000000000010001010000000
frame7,7,32,00001000000000001111011100001010
frame8,8,32,01010000000000000011000110000000
frame9,9,32,01100000000011101000010011100000
frame10,10,32,00110000000000000111000111001011
frame11,11,32,00100000000000000100000001010000
frame12,12,32,00001000000000101001110000100100
frame13,13,32,00011000000000001001001001000001
frame14,14,32,01001000000101000010110001000010
frame15,15,32,01010000000010000101110000100011
frame16,16,32,00000000000010000010001001100000
frame17,17,32,00000011000010000110011011000000
frame18,18,32,00000100010000000000000000000000
frame19,19,32,00000000000001100000000111000000

X5Y10,LUT4AB,5,10
frame0,0,32,00000000000000000010000000010000
frame1,1,32,00000011000101000111101100000100
frame2,2,32,00000001011010110010111000100000
frame3,3,32,00000010000011001110100000000010
frame4,4,32,00000100000010100000100010001001
frame5,5,32,10000010000100011000000000100000
frame6,6,32,00001000000000010100000000000000
frame7,7,32,10010000000011000000000010000011
frame8,8,32,11000000100000010000000000100100
frame9,9,32,10100000001100100010001011111000
frame10,10,32,00000000000011101100100110000010
frame11,11,32,00000000110111001000111000000100
frame12,12,32,10000000000010001100100000010000
frame13,13,32,10000010001001100100000001000000
frame14,14,32,01000011001001011000000110011000
frame15,15,32,00001001000000000100000000111011
frame16,16,32,00000000000000001101000100000100
frame17,17,32,00000000000010011010000000000000
frame18,18,32,00000000001000011001000000000000
frame19,19,32,00000000000000110000001000000000

X6Y10,LUT4AB,6,10
frame0,0,32,00000000100000011000010100000000
frame1,1,32,00000010000001100000010000000000
frame2,2,32,00000110100000000000100000000000
frame3,3,32,00010110000010100000000000010000
frame4,4,32,10000000000000011000100000000101
frame5,5,32,00000000000011000110000000000000
frame6,6,32,10000000000101010000111010000000
frame7,7,32,10000100000001010101001100100000
frame8,8,32,00000000100000010100000000000100
frame9,9,32,00000000001100000000011001010000
frame10,10,32,00000000000100011000000100011011
frame11,11,32,00000000000000111011001011001101
frame12,12,32,00000100000000000101000110000000
frame13,13,32,00001000100001110100001000010011
frame14,14,32,01000000000111101000110010001000
frame15,15,32,00100000100111100110000001101010
frame16,16,32,00010101010010010011000111000100
frame17,17,32,00000010000111000111001110110010
frame18,18,32,00100010001001100000100001101000
frame19,19,32,00000000000000001001000001000000

X7Y10,DSP_bot,7,10
frame0,0,32,00000000000000000000010000000011
frame1,1,32,00000111000000000000000000000000
frame2,2,32,01000000000000000000000000000000
frame3,3,32,00000000000000000001000000000000
frame4,4,32,01110000000000000101000000100000
frame5,5,32,00000000000000000000000000000000
frame6,6,32,00000000000000110000000000000000
frame7,7,32,00000000000000000000000000000000
frame8,8,32,00000000000000000000000000000000
frame9,9,32,00000000000000000001000000000000
frame10,10,32,00000000000000000000000000000001
frame11,11,32,00000000000000000000001100001000
frame12,12,32,00000000000000000000000011000000
frame13,13,32,00000000000000000000000000000000
frame14,14,32,00000000000000000000000000000000
frame15,15,32,00000000000000000000000000000000
frame16,16,32,00000000000000000000000000000000
frame17,17,32,00000000000000000000000000000000
frame18,18,32,00000000000000000000000000000000
frame19,19,32,00000000000000000000000000000000

X8Y10,LUT4AB,8,10
frame0,0,32,00000000000000111000101100001000
frame1,1,32,00000000001000000101100100000100
frame2,2,32,00000000111100010100000001010000
frame3,3,32,00000001111110000101010000010000
frame4,4,32,00000000000011000010000101000000
frame5,5,32,10000010000000100010000000010000
frame6,6,32,00001000000000100001110001000001
frame7,7,32,10010000000100000101000010000011
frame8,8,32,11101110000000010101000100000000
frame9,9,32,00010000000001001000001110111000
frame10,10,32,10010000000001000010000000110100
frame11,11,32,00000000000110010010000000100001
frame12,12,32,00010000000010010000000111100000
frame13,13,32,00000010001000010000011111011001
frame14,14,32,01000000000001101110000010101000
frame15,15,32,01011100100100001100000101100000
frame16,16,32,01000000000000010010000010000000
frame17,17,32,00100000000001000101111111011000
frame18,18,32,00000100011001110100000001101000
frame19,19,32,00000000000001100001000001000000

X9Y10,LUT4AB,9,10
frame0,0,32,00000000100000000001000000000000
frame1,1,32,00000011000100000000000000000000
frame2,2,32,00000001010000000000100000000000
frame3,3,32,00000001000000000000000000000000
frame4,4,32,00000000010000000000000000000000
frame5,5,32,00000000000001000000000000000000
frame6,6,32,00000000000000011000000100000000
frame7,7,32,00000000000100100100001000000000
frame8,8,32,00000000000000000000000000000000
frame9,9,32,00000000001000000000000100000000
frame10,10,32,00000000000000000000000000110000
frame11,11,32,00000000000110001000001000000000
frame12,12,32,00000000000010000000000000010000
frame13,13,32,00000000000011110000000000000000
frame14,14,32,00000000001000000000000000000000
frame15,15,32,00000000000000000000000000000000
frame16,16,32,00000000000000000000000000000000
frame17,17,32,00000000000000000000000000000000
frame18,18,32,00000000000000000000000000000000
frame19,19,32,00000000000000000100010000000000

X10Y10,RAM_IO,10,10
frame0,0,32,00000000000000000000000000000000
frame1,1,32,00001000000000000000000000000000
frame2,2,32,00000000000000000000000000000000
frame3,3,32,00000000000000000000000000000000
frame4,4,32,00000000000000000000000000100000
frame5,5,32,00000000000000000000000000000000
frame6,6,32,00000000000000000000000000000000
frame7,7,32,00000000000000000000000000000000
frame8,8,32,00000000000000000000000000000000
frame9,9,32,00000000000000000000000000000000
frame10,10,32,00000000000000000000000000000000
frame11,11,32,00000000000000000000000000000000
frame12,12,32,00000000000000000000000000000000
frame13,13,32,00000000000000000000000000000000
frame14,14,32,00000000000000000000000000000000
frame15,15,32,00000000000000000000000000000000
frame16,16,32,00000000000000000000000000000000
frame17,17,32,00000000000000000000000000000000
frame18,18,32,00000000000000000000000000000000
frame19,19,32,00000000000000000000000000000000

X0Y9,W_IO,0,9
frame0,0,32,11101011110111000000000000000001
frame1,1,32,00010000000000000000000000000010
frame2,2,32,00100000100000000000100000000000
frame3,3,32,10001000000000000000000000000000
frame4,4,32,00000000000000000000000000000000
frame5,5,32,00000000000000000000000000000000
frame6,6,32,00000000000000000000000000000000
frame7,7,32,00000000000000000000000000000000
frame8,8,32,00000000000000000000000000000000
frame9,9,32,00000000000000000000000000000000
frame10,10,32,00000000000000000000000000000000
frame11,11,32,00000000000000000000000000000000
frame12,12,32,00000000000000000000000000000000
frame13,13,32,00000000000000000000000000000000
frame14,14,32,00000000000000000000000000000000
frame15,15,32,00000000000000000000000000000000
frame16,16,32,00000000000000000000000000000000
frame17,17,32,00000000000000000000000000000000
frame18,18,32,00000000000000000000000000000000
frame19,19,32,00000000000000000000000000000000

X1Y9,LUT4AB,1,9
frame0,0,32,00000000000001001011100100011001
frame1,1,32,00101000010100000100110010100000
frame2,2,32,11000001000110101100010000100000
frame3,3,32,01000000110101110100100110110000
frame4,4,32,00000000001011000010000000001000
frame5,5,32,00010000000100010000000001100000
frame6,6,32,00101000011000001010001011000000
frame7,7,32,01100100000100000000010110000000
frame8,8,32,00000000001000001110000000011000
frame9,9,32,00000100000001010001000011000001
frame10,10,32,00000000000011110000000000000110
frame11,11,32,00000001000001110010000000000010
frame12,12,32,00000000000000011000000000000001
frame13,13,32,00000111000000001000000000110000
frame14,14,32,00010000000010000000000000001000
frame15,15,32,00001101100000000000100010000000
frame16,16,32,00111000010000000000001000000000
frame17,17,32,00000010000100000010010000000000
frame18,18,32,00000010001001011010100011001000
frame19,19,32,00000001110000000100100011011000

X2Y9,LUT4AB,2,9
frame0,0,32,00000000000000001000000011100000
frame1,1,32,01000011000111000100000100011000
frame2,2,32,00010000100110110110100001000000
frame3,3,32,10000001000010011011100110110010
frame4,4,32,00110010000010001000000000000000
frame5,5,32,00100011101000010110000000010000
frame6,6,32,00001000011011110000001010000000
frame7,7,32,01101100000111001001010000000110
frame8,8,32,01000000000100001111011100010000
frame9,9,32,00111000010101100010000100110000
frame10,10,32,00010011010010100011010011000101
frame11,11,32,11000010100001110000000100001100
frame12,12,32,00001100000010010000010010001000
frame13,13,32,00010010000000101000000000000000
frame14,14,32,01011010001010001000000001000000
frame15,15,32,01001101100000000000000010000011
frame16,16,32,00111100011000000010000010000000
frame17,17,32,00110000001010000010110000000000
frame18,18,32,00110100000000001000000001101000
frame19,19,32,00000001110000010010000101000000

X3Y9,RegFile,3,9
frame0,0,32,11001111000001110000000000000011
frame1,1,32,00000000010101000000000001010100
frame2,2,32,00110000001100111101011000000000
frame3,3,32,00000111010100100000000010000000
frame4,4,32,00000101000001000011000000100010
frame5,5,32,00000000010100000100000100000000
frame6,6,32,00000000000000001000100000111100
frame7,7,32,00000000000000000011000011000000
frame8,8,32,10011111111100101011110111101000
frame9,9,32,01100001011100000000000000000000
frame10,10,32,00000000000000000000000000000000
frame11,11,32,00000100011100000001101100001001
frame12,12,32,00000000000000000000000010000000
frame13,13,32,00000000000000000000000000000000
frame14,14,32,00000000000000000000000000000000
frame15,15,32,00000000000000000000000000000000
frame16,16,32,00000000000000000000000000000000
frame17,17,32,00000000000000000000000000000000
frame18,18,32,00000000000000000000000000000000
frame19,19,32,00000000000000000000000000000000

X4Y9,LUT4AB,4,9
frame0,0,32,00000000000000000001001010011000
frame1,1,32,00000010000000110000000000101000
frame2,2,32,00000000010100010000111000000000
frame3,3,32,01000010000100000001000000000000
frame4,4,32,10001000000011000010010000110000
frame5,5,32,10000100000100001010100100100000
frame6,6,32,11000000000010001010111011000001
frame7,7,32,00010100100001001000000000010001
frame8,8,32,00010000000001111000000010000010
frame9,9,32,10000000001011000000001001001100
frame10,10,32,00110000000111101000000000011100
frame11,11,32,00000000000111111000000010001001
frame12,12,32,00000000000000111101000100010001
frame13,13,32,00001000000001100001000000001100
frame14,14,32,00100000010001001000000001010000
frame15,15,32,00000100000111000010100011000101
frame16,16,32,00100001010000000000000000100100
frame17,17,32,00100000110100011001000100100000
frame18,18,32,00001010101000000111001011111000
frame19,19,32,00000000000001101010010000000000

X5Y9,LUT4AB,5,9
frame0,0,32,00000000000000001000001000010000
frame1,1,32,00000000000001111110010010000000
frame2,2,32,00000010000111010100100100110000
frame3,3,32,00000100010100000010010010010000
frame4,4,32,00000100000001100000010100001000
frame5,5,32,10000000000000010001000000100000
frame6,6,32,01011000000000010000000100000001
frame7,7,32,00011000010010101000000010000000
frame8,8,32,01110100000000001011010110000000
frame9,9,32,10110000000110101000000011000000
frame10,10,32,10110000000011000110010100110001
frame11,11,32,11000000000000000111101100110101
frame12,12,32,10000110000010000100010100010000
frame13,13,32,10000000001000000100000101000010
frame14,14,32,00110010000010000010100110110100
frame15,15,32,00111000000111000110000100001000
frame16,16,32,01100101111110001001000111000000
frame17,17,32,00000100111111000111000000011000
frame18,18,32,00011001000000100111000001101000
frame19,19,32,00000000000001101000000011110000

X6Y9,LUT4AB,6,9
frame0,0,32,00000000100000001000100000110000
frame1,1,32,00000001001010111101000110001000
frame2,2,32,00000000011100011110000000000000
frame3,3,32,00000000001100000000100010000010
frame4,4,32,00000010011010000111010110010000
frame5,5,32,10000000001010100000000001000000
frame6,6,32,00000000000010010010011000001000
frame7,7,32,10011100000101010101101001100000
frame8,8,32,10001100000000011001001000000000
frame9,9,32,01100000001000000000000011100000
frame10,10,32,00001000000111001110010011110100
frame11,11,32,00101000000000001000110000001101
frame12,12,32,00000110001000100001101001000100
frame13,13,32,00000010010001110000110011000000
frame14,14,32,01000100010000000010000111000110
frame15,15,32,00101000100000000000000000110011
frame16,16,32,00000100000001001000000100000100
frame17,17,32,00010000000000000010000000100010
frame18,18,32,00000001110000010000001000010000
frame19,19,32,00000000000000001101000001000000

X7Y9,DSP_top,7,9
frame0,0,32,11000000001000000000110000000000
frame1,1,32,00001100000011100000000000000000
frame2,2,32,00000000000000000000000000000000
frame3,3,32,10100000111111010000110000001011
frame4,4,32,10111011000000000000000000000000
frame5,5,32,00000000000000000000000000000000
frame6,6,32,00000000000000011000000000110000
frame7,7,32,00000000000000000000000000000000
frame8,8,32,00000000000000000000011111000000
frame9,9,32,00000000000000000000000000000000
frame10,10,32,00000000000000000000000000001100
frame11,11,32,00000000000000000000000000000000
frame12,12,32,00000000000000000001010000000000
frame13,13,32,00000000000000000000000000000000
frame14,14,32,00000000000000000000000000000000
frame15,15,32,00000000000000000000000000000000
frame16,16,32,00000000000000000000000000000000
frame17,17,32,00000000000000000000000000000000
frame18,18,32,00000000000000000000000000000000
frame19,19,32,00000000000000000000000000000000

X8Y9,LUT4AB,8,9
frame0,0,32,00000000000100000001101010001000
frame1,1,32,00000000000001011000100000000000
frame2,2,32,00000001100111110010010100000000
frame3,3,32,00000001000100011000000000100000
frame4,4,32,00000000000010001000110010110101
frame5,5,32,00000000000000001010000100000000
frame6,6,32,00001100000000100001100011010000
frame7,7,32,10101100000001110000010010000100
frame8,8,32,10000100100000000011001000000000
frame9,9,32,00001000000100100000010111001000
frame10,10,32,00000000000011000011101100100001
frame11,11,32,00000000000000100110100000000111
frame12,12,32,00001110000010010000110010011000
frame13,13,32,00011000101000010100001101011011
frame14,14,32,00100000010010001010000011000010
frame15,15,32,00001000100110110000000100000110
frame16,16,32,01000100101000000000001111110000
frame17,17,32,00000000000011000000011100000010
frame18,18,32,00000100001001010111010010101000
frame19,19,32,00000001111000001001100000010000

X9Y9,LUT4AB,9,9
frame0,0,32,00000000000000000000100000000000
frame1,1,32,01001000000101000000000000000000
frame2,2,32,00010001000000000010100100110000
frame3,3,32,00000000000000000100000010010000
frame4,4,32,00000000010010011000000000000000
frame5,5,32,00000000000000000000000000010000
frame6,6,32,00000000000001000000100011000000
frame7,7,32,10001100000000001010000000000000
frame8,8,32,10000000100000000000100010010000
frame9,9,32,00110000000100101000000000000001
frame10,10,32,00000000000000000100000000000000
frame11,11,32,00000000000000000000000000000011
frame12,12,32,10000100000000000000000001000010
frame13,13,32,10000000100000000001000100010000
frame14,14,32,00000000000010100000000100000000
frame15,15,32,00000100100001101100000000000111
frame16,16,32,00011100110000101101000000000000
frame17,17,32,00110010100000000000000100000000
frame18,18,32,00100000001000000000000010001000
frame19,19,32,00000001001000001000000000000000

X10Y9,RAM_IO,10,9
frame0,0,32,00000000000000000000001100001000
frame1,1,32,00000000000000000000000000000000
frame2,2,32,00000000000000000000000000000000
frame3,3,32,00000000000000000000000000000000
frame4,4,32,00110000000000000000000000000000
frame5,5,32,00000000000000000000000000000000
frame6,6,32,00000010000000000000000000000000
frame7,7,32,00000000000000001000000000000000
frame8,8,32,00000000000000010000000000000000
frame9,9,32,00000000000000000000000000000000
frame10,10,32,00000000000000000000000000000000
frame11,11,32,00000000000000000000000000000000
frame12,12,32,00000000000000000000000000000000
frame13,13,32,00000000000000000000000000000000
frame14,14,32,00000000000000000000000000000000
frame15,15,32,00000000000000000000000000000000
frame16,16,32,00000000000000000000000000000000
frame17,17,32,00000000000000000000000000000000
frame18,18,32,00000000000000000000000000000000
frame19,19,32,00000000000000000000000000000000

X0Y8,W_IO,0,8
frame0,0,32,11101101110111000000000000000001
frame1,1,32,01100000000000000000000100000001
frame2,2,32,00010000100000001000000000000010
frame3,3,32,00000000000000000000000000000000
frame4,4,32,00000000000000000000000000000000
frame5,5,32,00000000000000000000000000000000
frame6,6,32,00000000000000000000000000000000
frame7,7,32,00000000000000000000000000000000
frame8,8,32,00000000000000000000000000000000
frame9,9,32,00000000000000000000000000000000
frame10,10,32,00000000000000000000000000000000
frame11,11,32,00000000000000000000000000000000
frame12,12,32,00000000000000000000000000000000
frame13,13,32,00000000000000000000000000000000
frame14,14,32,00000000000000000000000000000000
frame15,15,32,00000000000000000000000000000000
frame16,16,32,00000000000000000000000000000000
frame17,17,32,00000000000000000000000000000000
frame18,18,32,00000000000000000000000000000000
frame19,19,32,00000000000000000000000000000000

X1Y8,LUT4AB,1,8
frame0,0,32,00000000011100001010010000010010
frame1,1,32,00110000101110010101100100000100
frame2,2,32,00000000001011010010111100000000
frame3,3,32,00000001000101010111000000010000
frame4,4,32,01000100010000101111111010000000
frame5,5,32,00000000000000001011000001100000
frame6,6,32,00011000000010000000001010000100
frame7,7,32,00000000000101001011000000000001
frame8,8,32,01001010000000001110101010001000
frame9,9,32,01000000000001000010101100000000
frame10,10,32,00110100001000000000000011000111
frame11,11,32,00100011000100010000000000000100
frame12,12,32,11010010000110000000010000000001
frame13,13,32,10000010100110000000000000100010
frame14,14,32,01000001110110001000000000010010
frame15,15,32,00000000000000000001100010011000
frame16,16,32,00011000010000000010000001100000
frame17,17,32,00100000000010010010000000001000
frame18,18,32,00000000000001011011000010001000
frame19,19,32,00000010000000010100000000000000

X2Y8,LUT4AB,2,8
frame0,0,32,00000000100101011010001000010010
frame1,1,32,11000001010101101010100010000000
frame2,2,32,11000001110101110110100000100000
frame3,3,32,00000000000101000001101000100010
frame4,4,32,00000000000000000101001100000001
frame5,5,32,01000010000110000110000000010001
frame6,6,32,10000000000011010000100100000000
frame7,7,32,11001000000001000110110000000010
frame8,8,32,10001000000100001110001100001100
frame9,9,32,00100000001101101000111000110100
frame10,10,32,00000100001000011000010111001011
frame11,11,32,00000010100100011000000101001100
frame12,12,32,01010000000010101100000000001000
frame13,13,32,00001110000000101101001000001000
frame14,14,32,00110000001111100010100011100000
frame15,15,32,00001101100000111101100000110011
frame16,16,32,00111100010101100110011001100000
frame17,17,32,00110111000000001011010100000000
frame18,18,32,00011001111001111001001010011000
frame19,19,32,00000000000000000010010010000000

X3Y8,RegFile,3,8
frame0,0,32,11000001001100000011000000000001
frame1,1,32,00000000011001110000000000000000
frame2,2,32,00000010000000000010001011010000
frame3,3,32,01100101010100000000011011101111
frame4,4,32,01000000000000110010000011000000
frame5,5,32,00000000000101010100000011100000
frame6,6,32,10100000000000011100000000010000
frame7,7,32,00001100110000000000111100000100
frame8,8,32,11001010011100001010100001011011
frame9,9,32,00001010000000000000000000000000
frame10,10,32,00000000000000000000000000001011
frame11,11,32,11010101010000001101100001100110
frame12,12,32,00000000000000000000111100000000
frame13,13,32,00000000000000000000000000000000
frame14,14,32,00000000000000000000000000000000
frame15,15,32,00000000000000000000000000000000
frame16,16,32,00000000000000000000000000000000
frame17,17,32,00000000000000000000000000000000
frame18,18,32,00000000000000000000000000000000
frame19,19,32,00000000000000000000000000000000

X4Y8,LUT4AB,4,8
frame0,0,32,00000000000000010001001110110000
frame1,1,32,00000000100001010100001000100000
frame2,2,32,00000000101000100000100000100000
frame3,3,32,00000000000100010000000000000010
frame4,4,32,01000100000110000000001011111000
frame5,5,32,00000010000100000000000000000001
frame6,6,32,10000100110010000001001111000000
frame7,7,32,00001101000000101101000100001000
frame8,8,32,01001100100100000001000100000110
frame9,9,32,00110000000110001100011110010101
frame10,10,32,00000000000011100011110100000010
frame11,11,32,00000000000011000101001001101110
frame12,12,32,01010100000010011000010000000000
frame13,13,32,00000010000100001000010001000000
frame14,14,32,01000000000001100110100000111010
frame15,15,32,01010001100000100101000100100011
frame16,16,32,01011100001110010010000100000000
frame17,17,32,00110100001011000110101000000000
frame18,18,32,00011111110000100110000000001000
frame19,19,32,00000000000000000010000110000000

X5Y8,LUT4AB,5,8
frame0,0,32,00000000000000001000011000000010
frame1,1,32,00010001100111000000000110011000
frame2,2,32,00000001000010010110000000000000
frame3,3,32,01000000000110001000001000000000
frame4,4,32,11000000000010000010001000110000
frame5,5,32,00010010000110100010001001000000
frame6,6,32,10100010000011001100000010000000
frame7,7,32,00000001100001000101110100001110
frame8,8,32,01000000001000010001000011000000
frame9,9,32,00010000001000000001100000100100
frame10,10,32,00100000000010111010011111111111
frame11,11,32,11000000000100001001011011001110
frame12,12,32,00001100001000100001000111000100
frame13,13,32,00010101011001110001001110010111
frame14,14,32,01001110001000100010000001100010
frame15,15,32,01000100100000000110000000000010
frame16,16,32,00000000001000101000011000000000
frame17,17,32,00000100000000001001110010100000
frame18,18,32,00001000001000100001111010000000
frame19,19,32,00000000000010110110110011011100

X6Y8,LUT4AB,6,8
frame0,0,32,00000000000000000101100000010010
frame1,1,32,00000000100000001001000000001000
frame2,2,32,00000010011010010110101100100000
frame3,3,32,01000100100010101110101010100000
frame4,4,32,10000000010010000000001000000000
frame5,5,32,00000100000100001011000101010000
frame6,6,32,11000000000001010001100100000000
frame7,7,32,00001001000110100000100001100000
frame8,8,32,00011010100000011000000000000000
frame9,9,32,00111000001000001000001100110100
frame10,10,32,00000000000100101010000011101011
frame11,11,32,01000000000111111110100011010100
frame12,12,32,01010110001000101001000000000001
frame13,13,32,00000010010001100000001000010000
frame14,14,32,00101100000010011010000011000100
frame15,15,32,00001101100011000010000011011011
frame16,16,32,00111000010000101110000001110000
frame17,17,32,00110100000001000010001101001000
frame18,18,32,00000001111001011000110011101000
frame19,19,32,00000000000000000100010011000100

X7Y8,DSP_bot,7,8
frame0,0,32,11000000000000000000000000000011
frame1,1,32,00000001011101000000000000000000
frame2,2,32,00000000000001100000000000100000
frame3,3,32,01000010001001010110000000000011
frame4,4,32,00000000000000000000000000100010
frame5,5,32,00000000000000000000000000000000
frame6,6,32,00000000000000010000000000010000
frame7,7,32,00010000000000000000000000000000
frame8,8,32,00000000000000000000000000000000
frame9,9,32,00000000000000000000000000000001
frame10,10,32,00010000000000000000000000110010
frame11,11,32,00111100000000000000000011100000
frame12,12,32,00000000000000000000000100000000
frame13,13,32,00000000000000000000000000000000
frame14,14,32,00000000000000000000000000000000
frame15,15,32,00000000000000000000000000000000
frame16,16,32,00000000000000000000000000000000
frame17,17,32,00000000000000000000000000000000
frame18,18,32,00000000000000000000000000000000
frame19,19,32,00000000000000000000000000000000

X8Y8,LUT4AB,8,8
frame0,0,32,00000001100000110001100000000000
frame1,1,32,00000000010110101010001000010000
frame2,2,32,00000100110110000100100000000000
frame3,3,32,00000010000000000011000010010000
frame4,4,32,00000100010001000000010000000101
frame5,5,32,00000000000100111000000000100000
frame6,6,32,00000000000000000000000000000000
frame7,7,32,01100001000000000010000100001011
frame8,8,32,01000000000000001110001010000010
frame9,9,32,00000000000001001111001000100000
frame10,10,32,00010000000100011100001001110100
frame11,11,32,00000000100000110100000000000101
frame12,12,32,00000000000000111101010100000010
frame13,13,32,00000100000001001101000000000010
frame14,14,32,00000000010100011010000010010000
frame15,15,32,00011000100000000000100010000010
frame16,16,32,00000000000001010011000000100100
frame17,17,32,00010001001111010010000100000000
frame18,18,32,00011111111001011011000000011000
frame19,19,32,00000000000000000001110000100000

X9Y8,LUT4AB,9,8
frame0,0,32,00000000000000010000101010000010
frame1,1,32,00000000001010100000000000001000
frame2,2,32,00000001110000000010011000100000
frame3,3,32,00000010000000000100000000000010
frame4,4,32,00000000001010011000000001000100
frame5,5,32,00010000000010100001000000001000
frame6,6,32,00001000000001101000001010000000
frame7,7,32,11001001000000000101000110001101
frame8,8,32,10000100000000001111111110000000
frame9,9,32,00100000000001000000010000000000
frame10,10,32,00010000000000000010000000110000
frame11,11,32,00000000000010000001000110001100
frame12,12,32,11010110000010000000000000101010
frame13,13,32,10000001000000000100010010010000
frame14,14,32,00100000000000101000100110011000
frame15,15,32,00001000100000100110000011100001
frame16,16,32,00000100000100101000000000000100
frame17,17,32,00000111001100011010000101100010
frame18,18,32,00100111011000010000011010011000
frame19,19,32,00000000000100000000010000000000

X10Y8,RAM_IO,10,8
frame0,0,32,00000100000010000000000000000000
frame1,1,32,00000000000000000000000000000000
frame2,2,32,00000000000000000000000000000000
frame3,3,32,00000000000000000000000000000000
frame4,4,32,00000000000000000000000000000000
frame5,5,32,00110000000000000000000010000000
frame6,6,32,00000000000000000000000000000000
frame7,7,32,00000000000000001100000000000000
frame8,8,32,00000000000000010100000000000000
frame9,9,32,00000000000000000000000000000000
frame10,10,32,00000000000000000000000000000000
frame11,11,32,00000000000000000000000000000000
frame12,12,32,00000000000000000000000000000000
frame13,13,32,00000000000000000000000000000000
frame14,14,32,00000000000000000000000000000000
frame15,15,32,00000000000000000000000000000000
frame16,16,32,00000000000000000000000000000000
frame17,17,32,00000000000000000000000000000000
frame18,18,32,00000000000000000000000000000000
frame19,19,32,00000000000000000000000000000000

X0Y7,W_IO,0,7
frame0,0,32,11101001110000000000000000000000
frame1,1,32,00000010000000000000000100000010
frame2,2,32,00000000000000001000001000000000
frame3,3,32,00100000000000000000000000000000
frame4,4,32,00000000000000000000000000000000
frame5,5,32,00000000000000000000000000000000
frame6,6,32,00000000000000000000000000000000
frame7,7,32,00000000000000000000000000000000
frame8,8,32,00000000000000000000000000000000
frame9,9,32,00000000000000000000000000000000
frame10,10,32,00000000000000000000000000000000
frame11,11,32,00000000000000000000000000000000
frame12,12,32,00000000000000000000000000000000
frame13,13,32,00000000000000000000000000000000
frame14,14,32,00000000000000000000000000000000
frame15,15,32,00000000000000000000000000000000
frame16,16,32,00000000000000000000000000000000
frame17,17,32,00000000000000000000000000000000
frame18,18,32,00000000000000000000000000000000
frame19,19,32,00000000000000000000000000000000

X1Y7,LUT4AB,1,7
frame0,0,32,00000000000000000000000110010000
frame1,1,32,00000000101110010010010000000000
frame2,2,32,01000001011000101001011000000000
frame3,3,32,00000010001101000001100000010000
frame4,4,32,00000010011011101010100010000000
frame5,5,32,00000000001111100110000001110000
frame6,6,32,00000001000000100110001100000000
frame7,7,32,00010101000101000000110100001010
frame8,8,32,01001100000000000101000000000010
frame9,9,32,10001000000000000000000111100001
frame10,10,32,00000011100000010010100011000000
frame11,11,32,11000001000010000000000101100010
frame12,12,32,01011001000010000000100000001000
frame13,13,32,00010011000010010000000001000111
frame14,14,32,01000010000101000000000000011010
frame15,15,32,01111001000110000010000010000000
frame16,16,32,01100001100000000000000000010000
frame17,17,32,00110000100000000011001100000000
frame18,18,32,00100000000000011001001010011000
frame19,19,32,00000000010000000010010000110000

X2Y7,LUT4AB,2,7
frame0,0,32,00000000011000010101000000100000
frame1,1,32,00000010100001001000110000100000
frame2,2,32,00000000000101110101000101110000
frame3,3,32,01000000100000110101100000000010
frame4,4,32,10000000010101000100000000000100
frame5,5,32,00000000000101101010000001000000
frame6,6,32,10101000100000111000101000000000
frame7,7,32,11110001000000000000000000000000
frame8,8,32,10000000000000000100000100010010
frame9,9,32,00010000001100011000011000011000
frame10,10,32,00000000000100100000000011110000
frame11,11,32,11000001000011010000001010000010
frame12,12,32,10000100000010101001110000011000
frame13,13,32,10001010100011011101001010010000
frame14,14,32,00001001011100000000000101100000
frame15,15,32,00001100000000010101110000010110
frame16,16,32,00100101001100010010001000110000
frame17,17,32,00010110010010000110010100000010
frame18,18,32,00001000101001011011110001110000
frame19,19,32,00000010000000000100000000001000

X3Y7,RegFile,3,7
frame0,0,32,11000000000000000000010000000011
frame1,1,32,00000000001000110000000000100110
frame2,2,32,00100000010000000000011000100000
frame3,3,32,10010010001001011100010100111101
frame4,4,32,01000100000001111110011101100000
frame5,5,32,00010001000000000100000010101110
frame6,6,32,00000000000100010001000000000000
frame7,7,32,00001000110011000000000000000000
frame8,8,32,10111100010100000100010101011001
frame9,9,32,11111010101000000000000000000000
frame10,10,32,00000000000000000000000000000010
frame11,11,32,01110101011100001001100010000010
frame12,12,32,00000000000000000000111010110000
frame13,13,32,00000000000000000000000000000000
frame14,14,32,00000000000000000000000000000000
frame15,15,32,00000000000000000000000000000000
frame16,16,32,00000000000000000000000000000000
frame17,17,32,00000000000000000000000000000000
frame18,18,32,00000000000000000000000000000000
frame19,19,32,00000000000000000000000000000000

X4Y7,LUT4AB,4,7
frame0,0,32,00000000000000010000001110010001
frame1,1,32,00000010000000001100001110000100
frame2,2,32,00000001111101110100001100000000
frame3,3,32,01000010100100101100000100000000
frame4,4,32,10000000010110000010110100100101
frame5,5,32,10000010000000110000000000000000
frame6,6,32,10010000000000101100001100000000
frame7,7,32,11110100010000010001100111101000
frame8,8,32,11100000000000000100001110000010
frame9,9,32,10000000001000001000010000100000
frame10,10,32,10000000010100000100000000001110
frame11,11,32,11000001000010010110000011000011
frame12,12,32,00000100000000000001000000110000
frame13,13,32,00010100001000001101000100101101
frame14,14,32,00000100000100110000100010101010
frame15,15,32,00101001100001111000000000111001
frame16,16,32,01110000000001111000000001100100
frame17,17,32,00010110001101010100011111111010
frame18,18,32,00011111111000100000111001010000
frame19,19,32,00000000000000001000001111010000

X5Y7,LUT4AB,5,7
frame0,0,32,00000000100000011000011000000000
frame1,1,32,00000011001001010101100000100000
frame2,2,32,00000000110100110010100000010000
frame3,3,32,00000000100000101001000000000000
frame4,4,32,10000100000110000010000110000000
frame5,5,32,00000010000010100010100000100000
frame6,6,32,10000000000000000000100000000000
frame7,7,32,00010100000011101001000000010011
frame8,8,32,01000000000000001101000000000110
frame9,9,32,00010100000110000010010100111001
frame10,10,32,00100000000001000010001000000100
frame11,11,32,11000000000000000000000000100100
frame12,12,32,10000110000100100000000000000000
frame13,13,32,10000001100101100100000000000000
frame14,14,32,00000001101000110100110100010100
frame15,15,32,00101000000001001111110001101010
frame16,16,32,01000000000001101000011111100000
frame17,17,32,00000011100100001110111011111000
frame18,18,32,00000010001000110000101001000000
frame19,19,32,00000000000001100101010000000000

X6Y7,LUT4AB,6,7
frame0,0,32,00000000000000111001100000100000
frame1,1,32,00000010000000000001100010100000
frame2,2,32,00000000011100011001100100000000
frame3,3,32,01000000000000000001110000000000
frame4,4,32,00000110010000010100000100110000
frame5,5,32,00000000001010000011000000110000
frame6,6,32,00101000000011000000100000000000
frame7,7,32,01100100000001001010000100010000
frame8,8,32,01000101000000010010011010000010
frame9,9,32,00001000001010000000000000000000
frame10,10,32,00110000000010101000000000001100
frame11,11,32,00000001000111001001100001101101
frame12,12,32,00001000000000000000010000010100
frame13,13,32,00010001001000000001000000000111
frame14,14,32,00110000000001100000110000100010
frame15,15,32,00100000000110111001100100111100
frame16,16,32,00000001001101110010011000000000
frame17,17,32,00000010010101000000000000000000
frame18,18,32,00000000000001000000000001111000
frame19,19,32,00000000000000001110011100000000

X7Y7,DSP_top,7,7
frame0,0,32,00000000000100000000000000000011
frame1,1,32,00001010000100000000000010100000
frame2,2,32,00000000111111100000000010100000
frame3,3,32,00000001101110101100000000001011
frame4,4,32,10111010000000001010000011000000
frame5,5,32,00000000000000000011000000000000
frame6,6,32,00000100000000110100000000000000
frame7,7,32,00000000000000000000000000000000
frame8,8,32,00000000000111000000111011010000
frame9,9,32,00000000000000000000000000000000
frame10,10,32,00000000000000000001001000101000
frame11,11,32,00000000000000000000010110000000
frame12,12,32,00000000001100001000000000000000
frame13,13,32,00000000000000000000000000000000
frame14,14,32,00000000000000000000000000000000
frame15,15,32,00000000000000000000000000000000
frame16,16,32,00000000000000000000000000000000
frame17,17,32,00000000000000000000000000000000
frame18,18,32,00000000000000000000000000000000
frame19,19,32,00000000000000000000000000000000

X8Y7,LUT4AB,8,7
frame0,0,32,00000000000000011010000001001000
frame1,1,32,00000010010110100100000000100000
frame2,2,32,00000000000100000011101000000000
frame3,3,32,00000010010000000101000110000000
frame4,4,32,00000000011100100111001000000000
frame5,5,32,00000000000000001101000000100000
frame6,6,32,00100000000010010000000000000000
frame7,7,32,10010100000001100100011010000110
frame8,8,32,00101000000000010100100100000100
frame9,9,32,01000000001000000010010000110101
frame10,10,32,10000000000100000000000011101011
frame11,11,32,00100000000110010100000100100111
frame12,12,32,10000010000010100001000011010011
frame13,13,32,00000011000010000001000000010011
frame14,14,32,01000000011100010000000100010100
frame15,15,32,01010000000100000010010100001100
frame16,16,32,00000000011011000000000000010000
frame17,17,32,00110000101010010001001110100000
frame18,18,32,00011100000000000100101010000000
frame19,19,32,00000000000000000110100000001000

X9Y7,LUT4AB,9,7
frame0,0,32,00000000000000001001000000000000
frame1,1,32,00000000000000101100001000000000
frame2,2,32,00000001111000000000000000000000
frame3,3,32,00000000010000000000000100000000
frame4,4,32,00000000010000110000000100000000
frame5,5,32,00000010000011001000100000000000
frame6,6,32,00010100000000000000000000000000
frame7,7,32,01000000000000000000010000001000
frame8,8,32,00001100100000000000000100000000
frame9,9,32,00000000000000000000000000000000
frame10,10,32,00000000000000000000000001000000
frame11,11,32,00000000000000000000000000000000
frame12,12,32,00000000000000000000000000000000
frame13,13,32,00000010000000000000011000000000
frame14,14,32,00010000000000000000000001000000
frame15,15,32,00000000000000000000000000100000
frame16,16,32,00000000000000000000000000000000
frame17,17,32,00000000000000000000000000000000
frame18,18,32,00000000011001010000000000000000
frame19,19,32,00000000000000000100000011000000

X10Y7,RAM_IO,10,7
frame0,0,32,00000000000010000000000000000000
frame1,1,32,00000000000000000000000000000000
frame2,2,32,00000000000000000000000000000000
frame3,3,32,00000000000000000000000000000000
frame4,4,32,00000000000000000000000000000000
frame5,5,32,00000000000000000000000000001100
frame6,6,32,00000010000000000000000000000000
frame7,7,32,00000000000000000000000000000000
frame8,8,32,00000000000000000000000000000000
frame9,9,32,00000000000000000000000000000000
frame10,10,32,00000000000000000000000000000000
frame11,11,32,00000000000000000000000000000000
frame12,12,32,00000000000000000000000000000000
frame13,13,32,00000000000000000000000000000000
frame14,14,32,00000000000000000000000000000000
frame15,15,32,00000000000000000000000000000000
frame16,16,32,00000000000000000000000000000000
frame17,17,32,00000000000000000000000000000000
frame18,18,32,00000000000000000000000000000000
frame19,19,32,00000000000000000000000000000000

X0Y6,W_IO,0,6
frame0,0,32,11100001110010000000000000100001
frame1,1,32,01100000000000000000000000000000
frame2,2,32,00000000100011000000000000010000
frame3,3,32,00010000000000000000000000000000
frame4,4,32,00000000000000000000000000000000
frame5,5,32,00000000000000000000000000000000
frame6,6,32,00000000000000000000000000000000
frame7,7,32,00000000000000000000000000000000
frame8,8,32,00000000000000000000000000000000
frame9,9,32,00000000000000000000000000000000
frame10,10,32,00000000000000000000000000000000
frame11,11,32,00000000000000000000000000000000
frame12,12,32,00000000000000000000000000000000
frame13,13,32,00000000000000000000000000000000
frame14,14,32,00000000000000000000000000000000
frame15,15,32,00000000000000000000000000000000
frame16,16,32,00000000000000000000000000000000
frame17,17,32,00000000000000000000000000000000
frame18,18,32,00000000000000000000000000000000
frame19,19,32,00000000000000000000000000000000

X1Y6,LUT4AB,1,6
frame0,0,32,00000000000010000010000100000001
frame1,1,32,00100011001110101100000000000000
frame2,2,32,00001000011111110010100000000000
frame3,3,32,10001010000101010110000000000000
frame4,4,32,10000000001000000010110000000000
frame5,5,32,00000010000010000001000000100000
frame6,6,32,10001000000010100000001110000000
frame7,7,32,00001000100110000011100110100010
frame8,8,32,01000100100000000110000101010110
frame9,9,32,10100000000001101001000100111000
frame10,10,32,00000000000000010001010010111001
frame11,11,32,00000000000100001010000100010101
frame12,12,32,00000000000000000000000000000001
frame13,13,32,00000110101000100101000111010101
frame14,14,32,00100000000101011010110000001000
frame15,15,32,00001001100000000000000011001000
frame16,16,32,00001000000000000101000110010000
frame17,17,32,00010000000000000010010100000000
frame18,18,32,00010101010001011010101010001000
frame19,19,32,00000000000000100000010000000000

X2Y6,LUT4AB,2,6
frame0,0,32,00000000100000010110000110000010
frame1,1,32,10000011000000000000001100000000
frame2,2,32,00000000000110101000000100000000
frame3,3,32,01000010000000011111000010000000
frame4,4,32,00000000010001000000010000110001
frame5,5,32,00000010000000100001000000011001
frame6,6,32,00000000000000010001000000000000
frame7,7,32,00001000000111000001000100001000
frame8,8,32,00001100000000001110100010000100
frame9,9,32,00100000011001011000001101010000
frame10,10,32,00100000010000000000101011101101
frame11,11,32,11000001010110001001001010010001
frame12,12,32,10000100000010000000010010010000
frame13,13,32,10000000000010110001000100010010
frame14,14,32,00000010011000000000000100000000
frame15,15,32,00110001100000000011100000010011
frame16,16,32,01101000000010000000001000000100
frame17,17,32,00010000000010011011000000010000
frame18,18,32,00010100000000110111000001010000
frame19,19,32,00000000000001011000000100000000

X3Y6,RegFile,3,6
frame0,0,32,00000000000000000000010000000000
frame1,1,32,01100000011100000000010000000000
frame2,2,32,00000001000000100000000000000000
frame3,3,32,00100101100010000000011000000000
frame4,4,32,00110100000000000010000000100000
frame5,5,32,00000000000000000000000000000000
frame6,6,32,00000100000000101000000000000000
frame7,7,32,00000000000000000000000000000000
frame8,8,32,00000000000000000000000000000000
frame9,9,32,00000000000000000000000001000000
frame10,10,32,00000001000000000000100100000010
frame11,11,32,01110000000000000000000000100000
frame12,12,32,00000000000000000000100100000000
frame13,13,32,00000000000000000000000000000000
frame14,14,32,00000000000000000000000000000000
frame15,15,32,00000000000000000000000000000000
frame16,16,32,00000000000000000000000000000000
frame17,17,32,00000000000000000000000000000000
frame18,18,32,00000000000000000000000000000000
frame19,19,32,00000000000000000000000000000000

X4Y6,LUT4AB,4,6
frame0,0,32,00000000000000111000000100000010
frame1,1,32,00000010000001000011101110100000
frame2,2,32,00000001000110010101100000000000
frame3,3,32,00000000010110100010010000010010
frame4,4,32,00000100000000000001100010110001
frame5,5,32,00000000000010100000001000010000
frame6,6,32,00010010000010010000001000011001
frame7,7,32,00000001000100100000000000000000
frame8,8,32,01001100000000000000000100000100
frame9,9,32,01000000000100000000000000111001
frame10,10,32,00100011000010000100010010000100
frame11,11,32,11100000100000010001100010100010
frame12,12,32,00000100000010000000010010101001
frame13,13,32,00000001001010101001010001011010
frame14,14,32,00101000001001100010100000001010
frame15,15,32,00000101100111110100100101000000
frame16,16,32,00100101101101111010000000110000
frame17,17,32,00110010111100001000000100100000
frame18,18,32,00011101100001000000001010010000
frame19,19,32,00000000100001001000001101010100

X5Y6,LUT4AB,5,6
frame0,0,32,00000001100000100001001110100010
frame1,1,32,11000010100000000000111100000000
frame2,2,32,10011000000000101001100010000000
frame3,3,32,00000010000011001100000000000010
frame4,4,32,00000000010010100001100010010100
frame5,5,32,00000000000000010010000000010000
frame6,6,32,00000000000010100000000000000001
frame7,7,32,10011000000001000010000000000110
frame8,8,32,11000100000000011011100110000100
frame9,9,32,10101000001001001001000000010000
frame10,10,32,00000011001111001010110111110001
frame11,11,32,11000010000011000010000000100110
frame12,12,32,00000010000000010001100011000000
frame13,13,32,00000100000000000000000111000000
frame14,14,32,00100010000000011010000001100000
frame15,15,32,00101001100001100010000010010101
frame16,16,32,01001000000001000000000000110100
frame17,17,32,00000001000000010001000100000000
frame18,18,32,00000011101001011001000000101000
frame19,19,32,00000000001001100011010110000000

X6Y6,LUT4AB,6,6
frame0,0,32,00000000000000000110000011110000
frame1,1,32,00000010001011000010010010000000
frame2,2,32,00000001010100100001001000110000
frame3,3,32,10001001010001010100001000010000
frame4,4,32,10110100100011000010100000011001
frame5,5,32,01000010000000001011000000010001
frame6,6,32,11100000101011101000001100000000
frame7,7,32,10000000000101010100100001000001
frame8,8,32,11010000000101100001100010100110
frame9,9,32,10000100101100010000000100111100
frame10,10,32,00100000000010100011000010110100
frame11,11,32,11000000000011000001000000010011
frame12,12,32,00001110000010000000010010101000
frame13,13,32,00011110100010000001011000010011
frame14,14,32,00000010000001001000010010001010
frame15,15,32,00101000100000100100010010110100
frame16,16,32,01001100000000001010000000010100
frame17,17,32,00010001000010000010000100000000
frame18,18,32,00100011011000000000000000101000
frame19,19,32,00000000000100001000000101000000

X7Y6,DSP_bot,7,6
frame0,0,32,00000000000000000000010000000000
frame1,1,32,00000100001000000000010000000000
frame2,2,32,00000000000000000000000000000000
frame3,3,32,01010000000001110000010101100000
frame4,4,32,00000000000000000000001000100000
frame5,5,32,00000000000000000000000000000000
frame6,6,32,00000000000000000000000000000000
frame7,7,32,00000000000000000000000000000000
frame8,8,32,00000000000000000000000000000000
frame9,9,32,00000000000000000000000000000000
frame10,10,32,00010000000000000000000000000000
frame11,11,32,00000000000000000000001010000000
frame12,12,32,00000000000000000010000011000000
frame13,13,32,00000000000000000000000000000000
frame14,14,32,00000000000000000000000000000000
frame15,15,32,00000000000000000000000000000000
frame16,16,32,00000000000000000000000000000000
frame17,17,32,00000000000000000000000000000000
frame18,18,32,00000000000000000000000000000000
frame19,19,32,00000000000000000000000000000000

X8Y6,LUT4AB,8,6
frame0,0,32,00000000000000001010000100100000
frame1,1,32,00000000000000010000000110100000
frame2,2,32,00000010110000010101001100010000
frame3,3,32,00000101010110000111100010010010
frame4,4,32,00001000001011000100010010001000
frame5,5,32,10000001100000000011100010000001
frame6,6,32,00010000000011011000001011000001
frame7,7,32,00010000100001000000100000011001
frame8,8,32,01101000001000000101000100000010
frame9,9,32,10000000000000000000000000000000
frame10,10,32,10000000000000000010101011000000
frame11,11,32,00000001000000000001011101100101
frame12,12,32,00000000100010000000000000010011
frame13,13,32,00000010101010100100000000000001
frame14,14,32,01010001011110000110110011000100
frame15,15,32,01000100100000100010100010010110
frame16,16,32,01011100001000000100000000110100
frame17,17,32,00000000011100000110001100000010
frame18,18,32,00100110000000011001000000111000
frame19,19,32,00000000000000000010010001100000

X9Y6,LUT4AB,9,6
frame0,0,32,00000000100000000000001000000000
frame1,1,32,00001000001000010000000000000000
frame2,2,32,00000001100000011010000000110000
frame3,3,32,00000000000010010100000010000000
frame4,4,32,00000100000000000000010000100000
frame5,5,32,10000000000001000000000000000000
frame6,6,32,00000000000011000000000010000000
frame7,7,32,00010000000000010000000000100000
frame8,8,32,10101000100000000000100001000100
frame9,9,32,00000000000000000010000000000000
frame10,10,32,10000000000000010100011110100001
frame11,11,32,00000000000000110000000010000001
frame12,12,32,00000100000000000000000000000001
frame13,13,32,00000000000000000000001001000000
frame14,14,32,00000000000011001010110111000100
frame15,15,32,00000001100000100100000011110010
frame16,16,32,00111000010010000110000000000100
frame17,17,32,00110010000010000111000000100010
frame18,18,32,00000110010001111001011010111000
frame19,19,32,00000000000000000010100000000000

X10Y6,RAM_IO,10,6
frame0,0,32,00000000000000000000000000000000
frame1,1,32,00000000000000000000000000000000
frame2,2,32,00000000000000000000000000000000
frame3,3,32,00000000000000000000000000000000
frame4,4,32,00000000000000000000000000000000
frame5,5,32,00000000000000000000000000000000
frame6,6,32,00000010000000000000000000000000
frame7,7,32,00000000000000000000000000001000
frame8,8,32,00000000100000000000010000000000
frame9,9,32,00000000000000000000000000000000
frame10,10,32,00000000000000000000000000000000
frame11,11,32,00000000000000000000000000000000
frame12,12,32,00000000000000000000000000000000
frame13,13,32,00000000000000000000000000000000
frame14,14,32,00000000000000000000000000000000
frame15,15,32,00000000000000000000000000000000
frame16,16,32,00000000000000000000000000000000
frame17,17,32,00000000000000000000000000000000
frame18,18,32,00000000000000000000000000000000
frame19,19,32,00000000000000000000000000000000

X0Y5,W_IO,0,5
frame0,0,32,11100001100000000000000000000000
frame1,1,32,00001000000000000000000000000000
frame2,2,32,00000010000000000111000000000000
frame3,3,32,00000100010000000000000000000000
frame4,4,32,00000000000000000000000000000000
frame5,5,32,00000000000000000000000000000000
frame6,6,32,00000000000000000000000000000000
frame7,7,32,00000000000000000000000000000000
frame8,8,32,00000000000000000000000000000000
frame9,9,32,00000000000000000000000000000000
frame10,10,32,00000000000000000000000000000000
frame11,11,32,00000000000000000000000000000000
frame12,12,32,00000000000000000000000000000000
frame13,13,32,00000000000000000000000000000000
frame14,14,32,00000000000000000000000000000000
frame15,15,32,00000000000000000000000000000000
frame16,16,32,00000000000000000000000000000000
frame17,17,32,00000000000000000000000000000000
frame18,18,32,00000000000000000000000000000000
frame19,19,32,00000000000000000000000000000000

X1Y5,LUT4AB,1,5
frame0,0,32,00000000000001000000000010010000
frame1,1,32,00000010000000000001000000000000
frame2,2,32,11000001010101101001000000000000
frame3,3,32,01000001110100100001100000000000
frame4,4,32,01000100011000010100000010000000
frame5,5,32,11000000000010010000000000000000
frame6,6,32,00101000000000001001001000000000
frame7,7,32,11110001000000000001100100000000
frame8,8,32,00000000000000000000111000000000
frame9,9,32,00000010010000000000001100100000
frame10,10,32,00001000001000000000000000001100
frame11,11,32,00001011100000000100000000000001
frame12,12,32,10000000000000100000000010000000
frame13,13,32,10000100000001010000000000010000
frame14,14,32,00000010010010000000110110010100
frame15,15,32,00000000000000000001000000101000
frame16,16,32,00010000010000000000010101000000
frame17,17,32,00100100001000000000000000000000
frame18,18,32,00000100010000000000000000000000
frame19,19,32,00000000000000001000001100000000

X2Y5,LUT4AB,2,5
frame0,0,32,00000001110000011010001010001001
frame1,1,32,00000000010110000011110010001100
frame2,2,32,00000000100101101100010000000000
frame3,3,32,01000010100010100100000000000000
frame4,4,32,00001100010000000000000000110000
frame5,5,32,00000000000100001000000000000000
frame6,6,32,00101010001010001000011100000000
frame7,7,32,00001001100010000010000000001010
frame8,8,32,00001100000000001100000000010100
frame9,9,32,00100000001000000000000100100000
frame10,10,32,00101000000110010100100100001010
frame11,11,32,00001001100110011000010110000011
frame12,12,32,01010100000010101101000100010010
frame13,13,32,00001010101010001101011101000011
frame14,14,32,00100000011100101010000001000000
frame15,15,32,00001000100000010110100000000000
frame16,16,32,00000100000100100001001000000000
frame17,17,32,00010110000000011000010000000000
frame18,18,32,00100000000001010000000000001000
frame19,19,32,00000000000000100000000000100000

X3Y5,RegFile,3,5
frame0,0,32,11000000000000000001000000000000
frame1,1,32,01000011010100111011101010011011
frame2,2,32,00100000011101110101111111000111
frame3,3,32,00000010000000100001001101100000
frame4,4,32,01110000000000000010001100100000
frame5,5,32,00000100000000000000000000010001
frame6,6,32,00000011110011001111000110011000
frame7,7,32,11000000001100000000110000001000
frame8,8,32,01000011001110010001000111010111
frame9,9,32,00010110011010101001001000001000
frame10,10,32,00000000000000000000101000000000
frame11,11,32,01000000000000000000000101100010
frame12,12,32,00000000000100000000101100000000
frame13,13,32,00000000000000000000000000000000
frame14,14,32,00000000000000000000000000000000
frame15,15,32,00000000000000000000000000000000
frame16,16,32,00000000000000000000000000000000
frame17,17,32,00000000000000000000000000000000
frame18,18,32,00000000000000000000000000000000
frame19,19,32,00000000000000000000000000000000

X4Y5,LUT4AB,4,5
frame0,0,32,00000000000000100000110100010000
frame1,1,32,00000000000100011110010100000000
frame2,2,32,00000000100100000100100110000000
frame3,3,32,00000000100000100010000010000000
frame4,4,32,00000000010000001000100000100000
frame5,5,32,10000000000000100001001010000000
frame6,6,32,00000000000111010000001100100001
frame7,7,32,00000100011100100010000110001010
frame8,8,32,00000100000000010100000100000100
frame9,9,32,00000000000001111100001101110000
frame10,10,32,00100000000000001001001000011000
frame11,11,32,00000001000101000010000010000000
frame12,12,32,00000100000010100000000001000010
frame13,13,32,00001001001001111000000000001000
frame14,14,32,00100000010000011100100000000000
frame15,15,32,00000100000000000000100000010010
frame16,16,32,01000000000001101000010010000100
frame17,17,32,00000101001000000110000100110010
frame18,18,32,00000101111000110000000001010000
frame19,19,32,00000000000000001111000001000100

X5Y5,LUT4AB,5,5
frame0,0,32,00000000100000100001100110010000
frame1,1,32,00000010000000000101110100010000
frame2,2,32,00000001001110000100101000100000
frame3,3,32,00000000000000100001100010000000
frame4,4,32,00001000010010000001010000101100
frame5,5,32,10000000000000010001001001010000
frame6,6,32,00000000000001000000000010000000
frame7,7,32,00010100100100001000001111000000
frame8,8,32,00000100010001110001000000000000
frame9,9,32,00011001101011100001001000001001
frame10,10,32,00010000000110010111001000111001
frame11,11,32,11000000100111000000010100101100
frame12,12,32,01010010000010001101001010100010
frame13,13,32,00000000100010010000101000100001
frame14,14,32,01001000010010000010000010001100
frame15,15,32,01100101100000000000100010010010
frame16,16,32,00011100001000000011000000110100
frame17,17,32,00000000010000000000001100010010
frame18,18,32,00111000100001111000001011011000
frame19,19,32,00000000000000100110111100000000

X6Y5,LUT4AB,6,5
frame0,0,32,00000000100000001011101110000000
frame1,1,32,00000000000000100100010000000000
frame2,2,32,00000000111100101000011000010000
frame3,3,32,01000001000110100000011100010010
frame4,4,32,00000000000001100111100100000101
frame5,5,32,10000001010000010010000000110001
frame6,6,32,00001000000011100010000000000001
frame7,7,32,01110000000010001010000110000001
frame8,8,32,00000000000000000101000000000000
frame9,9,32,01001000001010000010000000000000
frame10,10,32,00110000000000011110000011110000
frame11,11,32,00100001000110011011000000011110
frame12,12,32,11010000000000000001001001000011
frame13,13,32,10001000000000000000111011010011
frame14,14,32,01000000000101001110110000111000
frame15,15,32,01100000000111010000000001011110
frame16,16,32,00000101000000000011000001010100
frame17,17,32,00000001000000000000001111100010
frame18,18,32,00100000111001011001000000000000
frame19,19,32,00000000000000100000001000000000

X7Y5,DSP_top,7,5
frame0,0,32,11000000000000000000000000000011
frame1,1,32,00001110000110100000000000000000
frame2,2,32,00000000000000000000000000000000
frame3,3,32,11011100101011010000000011100000
frame4,4,32,10110000000000000000000010101010
frame5,5,32,00000000000000000000000000000000
frame6,6,32,00001000000000000000000000000000
frame7,7,32,00000000000000000000000000000000
frame8,8,32,00000000000000000100000100000000
frame9,9,32,00000000000000000000000000000000
frame10,10,32,00000000000000000000000010100000
frame11,11,32,00000000000000000000001000011011
frame12,12,32,00000000000000111110010000000000
frame13,13,32,00000000000000000000000000000000
frame14,14,32,00000000000000000000000000000000
frame15,15,32,00000000000000000000000000000000
frame16,16,32,00000000000000000000000000000000
frame17,17,32,00000000000000000000000000000000
frame18,18,32,00000000000000000000000000000000
frame19,19,32,00000000000000000000000000000000

X8Y5,LUT4AB,8,5
frame0,0,32,00000000000000001011001000000001
frame1,1,32,00000010100001000010011100000000
frame2,2,32,00000001110000100011100000010000
frame3,3,32,01000000000110101100100010010010
frame4,4,32,10000000010000000000001000010001
frame5,5,32,10000001100100111010000000100000
frame6,6,32,10000000000000000100000101000000
frame7,7,32,01110000100110100010100100000001
frame8,8,32,01001000000000000110000000000010
frame9,9,32,10011000000101000000010000101000
frame10,10,32,00000000000000010001101111100100
frame11,11,32,00000100000110000011100010010100
frame12,12,32,01011100000010101100100001010010
frame13,13,32,00011101000010000000011110100101
frame14,14,32,01010100011110001000100001111000
frame15,15,32,00010001000111000001110110000010
frame16,16,32,01000001110011010000011110000100
frame17,17,32,00000000100001000111101000011010
frame18,18,32,00000000101001101100000000001000
frame19,19,32,00000000000000001100000000000000

X9Y5,LUT4AB,9,5
frame0,0,32,00000000000010100001101100110000
frame1,1,32,00000100011100000110100000011100
frame2,2,32,01000001100010000100010101000000
frame3,3,32,00000000000110110100000000000010
frame4,4,32,10000000010010101001110000100100
frame5,5,32,10000000000100100000000000000000
frame6,6,32,10001000000000000100000000000000
frame7,7,32,11110000000101000110100100001000
frame8,8,32,10110100000000000111101010000010
frame9,9,32,00010000001101001000000011001000
frame10,10,32,10100000000001010010001010111001
frame11,11,32,00000100000010110001011100011000
frame12,12,32,10000110000010010000000001110000
frame13,13,32,10001101000010011100101010111000
frame14,14,32,01000000011100000100000111100000
frame15,15,32,00111000000000100000000001100000
frame16,16,32,00010000100000010000000000000000
frame17,17,32,00100010000101000110000111111000
frame18,18,32,00000010100000111000101001100000
frame19,19,32,00000000000001010101100110000000

X10Y5,RAM_IO,10,5
frame0,0,32,00000000000010100000100010000010
frame1,1,32,00000000000000000000000000000000
frame2,2,32,00000000000000000000000000000000
frame3,3,32,00000000000000000000000000000000
frame4,4,32,00000000000000000000000000000000
frame5,5,32,10000010000000110000000000001100
frame6,6,32,00001000010000010000000000000000
frame7,7,32,00000000000000000000000000000000
frame8,8,32,00000000000000000000110000000000
frame9,9,32,00000000000000000000000000000000
frame10,10,32,00000000000000000000000000000000
frame11,11,32,00000000000000000000000000000000
frame12,12,32,00000000000000000000000000000000
frame13,13,32,00000000000000000000000000000000
frame14,14,32,00000000000000000000000000000000
frame15,15,32,00000000000000000000000000000000
frame16,16,32,00000000000000000000000000000000
frame17,17,32,00000000000000000000000000000000
frame18,18,32,00000000000000000000000000000000
frame19,19,32,00000000000000000000000000000000

X0Y4,W_IO,0,4
frame0,0,32,00000000000000000000000000000000
frame1,1,32,00000000000000000000000000000010
frame2,2,32,00001011000001111100001110000010
frame3,3,32,10000000000000000000000000000000
frame4,4,32,00000000000000000000000000000000
frame5,5,32,00000000000000000000000000000000
frame6,6,32,00000000000000000000000000000000
frame7,7,32,00000000000000000000000000000000
frame8,8,32,00000000000000000000000000000000
frame9,9,32,00000000000000000000000000000000
frame10,10,32,00000000000000000000000000000000
frame11,11,32,00000000000000000000000000000000
frame12,12,32,00000000000000000000000000000000
frame13,13,32,00000000000000000000000000000000
frame14,14,32,00000000000000000000000000000000
frame15,15,32,00000000000000000000000000000000
frame16,16,32,00000000000000000000000000000000
frame17,17,32,00000000000000000000000000000000
frame18,18,32,00000000000000000000000000000000
frame19,19,32,00000000000000000000000000000000

X1Y4,LUT4AB,1,4
frame0,0,32,00000000101000001000000101010010
frame1,1,32,10000110100000000110011000100000
frame2,2,32,00000001001011000011100000100000
frame3,3,32,00000000100110000000000001000010
frame4,4,32,00100000000001000000110010111000
frame5,5,32,00000000000100100001100001010000
frame6,6,32,00000011000010000100010110100100
frame7,7,32,01100000000001000011000110000000
frame8,8,32,01001000100000000000000000000000
frame9,9,32,10000010000000100000000010000000
frame10,10,32,00100000000000101100100011100000
frame11,11,32,00001010000000110001100000001000
frame12,12,32,00000110000000000100000000001000
frame13,13,32,00000001001000000100000000100011
frame14,14,32,00100000000001100000000000000000
frame15,15,32,00000100100111111100000000000100
frame16,16,32,00001001100101110010000000000100
frame17,17,32,00010111100001011010000011111000
frame18,18,32,00100001111001011000111000000000
frame19,19,32,00000000000000011000010111000100

X2Y4,LUT4AB,2,4
frame0,0,32,00000001000000011110101000001000
frame1,1,32,00000001000111111010010000000000
frame2,2,32,00000000011010100010000101110000
frame3,3,32,00000000001100111000101000010000
frame4,4,32,00100000011000000000011000001000
frame5,5,32,11000010000110000100100010000000
frame6,6,32,00010100000000000000000110000000
frame7,7,32,00000001000000000100000100000010
frame8,8,32,00000001100000011100001000110100
frame9,9,32,00000000001100011011000000111100
frame10,10,32,00010000001001011000010001000001
frame11,11,32,00000000100000011000100001000100
frame12,12,32,00000000000000011100011010000000
frame13,13,32,00000111001001111100101000000000
frame14,14,32,00000001001100001100000001000000
frame15,15,32,00110000100100100100000110000110
frame16,16,32,00101101110010010010000000100100
frame17,17,32,00110000100011000001000100011000
frame18,18,32,00000000011000000100000001111000
frame19,19,32,00000000000110100001000000000000

X3Y4,RegFile,3,4
frame0,0,32,00000011000001000000000000000000
frame1,1,32,10100000001101110100000110010000
frame2,2,32,01110000011110000010000000011010
frame3,3,32,01010111000100100000001101010000
frame4,4,32,01001000000110000000001001100010
frame5,5,32,00000000000000000000000000000000
frame6,6,32,10100000000001110000101001111100
frame7,7,32,00000000111100111111000000010001
frame8,8,32,10101010011110000011000001100000
frame9,9,32,01010100010000000000000000000000
frame10,10,32,01000000000101000000110000000000
frame11,11,32,00000000000000000000000010001000
frame12,12,32,00000000000000000000100001100000
frame13,13,32,00000000000000000000000000000000
frame14,14,32,00000000000000000000000000000000
frame15,15,32,00000000000000000000000000000000
frame16,16,32,00000000000000000000000000000000
frame17,17,32,00000000000000000000000000000000
frame18,18,32,00000000000000000000000000000000
frame19,19,32,00000000000000000000000000000000

X4Y4,LUT4AB,4,4
frame0,0,32,00000000000000110010110111100000
frame1,1,32,00001011011010010101100110101100
frame2,2,32,01001000010010101001101100110000
frame3,3,32,01000000000000000001010100000000
frame4,4,32,00000000000001011010000110001000
frame5,5,32,10001000000100111111000000110000
frame6,6,32,01010010000000110101000001000000
frame7,7,32,01100000000110100000000110001001
frame8,8,32,01010000000000000010001010000000
frame9,9,32,10001000001000011000000111000100
frame10,10,32,00000000100000000100000001001110
frame11,11,32,00000001000111011110000100000000
frame12,12,32,00001001000010111001000000000000
frame13,13,32,00011000000010101000000010000110
frame14,14,32,01010000001000000000000110000000
frame15,15,32,00000000100001100100000000010000
frame16,16,32,01011000001000000000000000000000
frame17,17,32,00000000000000000000000100000010
frame18,18,32,00000000000001011011000000000000
frame19,19,32,00000000001011001100101000110000

X5Y4,LUT4AB,5,4
frame0,0,32,00000000100000000101011010000010
frame1,1,32,10100000000000001100010110000000
frame2,2,32,00000000000000000000101100010000
frame3,3,32,00000000010011010100101010010010
frame4,4,32,10000000000000000111000001000001
frame5,5,32,00000000000001000011000001000000
frame6,6,32,10001000000001111000101000000001
frame7,7,32,10001000000100110000001010000100
frame8,8,32,11000000001001001100000000000010
frame9,9,32,11101000000000010010000000001101
frame10,10,32,00100000000000010000000001000001
frame11,11,32,11100000100000010111001100000011
frame12,12,32,10000100110010000100100001011001
frame13,13,32,10000011100000000000011000010010
frame14,14,32,00001000000100100000000001011100
frame15,15,32,00100001100000011110000100001111
frame16,16,32,01111100001110101100001111110000
frame17,17,32,00000100011001001001011110100010
frame18,18,32,00111100000000000100101001010000
frame19,19,32,00000000000000000111000011000000

X6Y4,LUT4AB,6,4
frame0,0,32,00000000100100000000011000000000
frame1,1,32,00001011001000001000001110000000
frame2,2,32,00000000011101010100100000110000
frame3,3,32,00000000001101001110001000010000
frame4,4,32,01000000000100000000000000001001
frame5,5,32,01000000000010000000000000000001
frame6,6,32,00100000000000010000000000000100
frame7,7,32,10001000000100110000000000000110
frame8,8,32,10001100000000011000000100000100
frame9,9,32,01100001000000001011101100110100
frame10,10,32,00010000000000001010000000110011
frame11,11,32,11101001000101001000000111001111
frame12,12,32,01010110000000000000000011000011
frame13,13,32,00000100001000000000001111011011
frame14,14,32,01100000000000101000000001110000
frame15,15,32,01100001100001101000000010010100
frame16,16,32,01001000000001101000000000000000
frame17,17,32,00000001000000000011000100001010
frame18,18,32,00000011101000011001001010111000
frame19,19,32,00000000010000100001001001000000

X7Y4,DSP_bot,7,4
frame0,0,32,11000000000000000000000000000011
frame1,1,32,00000000001000110011000000000000
frame2,2,32,00000000000000000011000000000001
frame3,3,32,01010000001101110000000001000000
frame4,4,32,00000000000000000000000001000000
frame5,5,32,00000000000000000000000000000000
frame6,6,32,00000100000000000000000000000000
frame7,7,32,00000000000000000000000000000000
frame8,8,32,00000000000000000000000000000000
frame9,9,32,00000000000000000000000000000000
frame10,10,32,00101000000000000000000000111101
frame11,11,32,00000000000000000000000001000000
frame12,12,32,00000000000000000000000110000000
frame13,13,32,00000000000000000000000000000000
frame14,14,32,00000000000000000000000000000000
frame15,15,32,00000000000000000000000000000000
frame16,16,32,00000000000000000000000000000000
frame17,17,32,00000000000000000000000000000000
frame18,18,32,00000000000000000000000000000000
frame19,19,32,00000000000000000000000000000000

X8Y4,LUT4AB,8,4
frame0,0,32,00000000000100100000111000010000
frame1,1,32,00000001011011000100001010001000
frame2,2,32,00000001000110000010100000010000
frame3,3,32,00000000000110010001000001010000
frame4,4,32,10000000000111000011000000000101
frame5,5,32,00000000000001010000100010010000
frame6,6,32,10100000000000101000100010000000
frame7,7,32,00000010000000000111111000000000
frame8,8,32,00100000000000000100100000000110
frame9,9,32,00000000000100001000001111001000
frame10,10,32,10100000000000000000000000001000
frame11,11,32,00000000000000010110010101000111
frame12,12,32,01010100000010100000001000110010
frame13,13,32,00001000100011011100100001000000
frame14,14,32,01101000010000001000010101000110
frame15,15,32,00000000000100000000110111100000
frame16,16,32,00000000001011010000000010100000
frame17,17,32,00000000000011000101111000000010
frame18,18,32,00000000000000100011000011111000
frame19,19,32,00000000000001001000010011100000

X9Y4,LUT4AB,9,4
frame0,0,32,00000001100000101000000010010000
frame1,1,32,00000000110010010010001100001000
frame2,2,32,00000000110111100000010100000000
frame3,3,32,00000000110100010100100110000000
frame4,4,32,00000000011010101000110000100001
frame5,5,32,00000010000100000000000000000001
frame6,6,32,01001000100010100001000000000000
frame7,7,32,11100001000000000010000100000011
frame8,8,32,10011100100100011000000010000000
frame9,9,32,10000010001000100000010111111100
frame10,10,32,00001000000101011000010111000010
frame11,11,32,00001000000011001110000100001010
frame12,12,32,10000000000000011101100001001000
frame13,13,32,10001000000001111100000111010010
frame14,14,32,00000010000010000110100101100000
frame15,15,32,00000001000000100000000000000100
frame16,16,32,00110000110000000000001000010000
frame17,17,32,00100101001000000000010100000000
frame18,18,32,00000100011000010000000000000000
frame19,19,32,00000000000000010100000100001000

X10Y4,RAM_IO,10,4
frame0,0,32,00000001000000000100000000000000
frame1,1,32,00000000000000000000000000000000
frame2,2,32,00000000000000000000000000000000
frame3,3,32,00000000000000000000000000000000
frame4,4,32,00000000000000000000000000000000
frame5,5,32,00000000000000100000000000000000
frame6,6,32,00000000000000010000000000000000
frame7,7,32,00000000100001000011000000000000
frame8,8,32,10000000000000000000000000000000
frame9,9,32,00000000000000000000000000000000
frame10,10,32,00000000000000000000000000000000
frame11,11,32,00000000000000000000000000000000
frame12,12,32,00000000000000000000000000000000
frame13,13,32,00000000000000000000000000000000
frame14,14,32,00000000000000000000000000000000
frame15,15,32,00000000000000000000000000000000
frame16,16,32,00000000000000000000000000000000
frame17,17,32,00000000000000000000000000000000
frame18,18,32,00000000000000000000000000000000
frame19,19,32,00000000000000000000000000000000

X0Y3,W_IO,0,3
frame0,0,32,00000000000000000000000000000000
frame1,1,32,00010000000000000000000000000000
frame2,2,32,00000000000000100000000011000100
frame3,3,32,00001000000000000000000000000000
frame4,4,32,00000000000000000000000000000000
frame5,5,32,00000000000000000000000000000000
frame6,6,32,00000000000000000000000000000000
frame7,7,32,00000000000000000000000000000000
frame8,8,32,00000000000000000000000000000000
frame9,9,32,00000000000000000000000000000000
frame10,10,32,00000000000000000000000000000000
frame11,11,32,00000000000000000000000000000000
frame12,12,32,00000000000000000000000000000000
frame13,13,32,00000000000000000000000000000000
frame14,14,32,00000000000000000000000000000000
frame15,15,32,00000000000000000000000000000000
frame16,16,32,00000000000000000000000000000000
frame17,17,32,00000000000000000000000000000000
frame18,18,32,00000000000000000000000000000000
frame19,19,32,00000000000000000000000000000000

X1Y3,LUT4AB,1,3
frame0,0,32,00000000110000000000000000001000
frame1,1,32,00000011000000000010010010000000
frame2,2,32,00000000010011110000001000000000
frame3,3,32,00000010000100001000000000000010
frame4,4,32,00000000010010000101010100000001
frame5,5,32,00000010000001111011000000000001
frame6,6,32,00000000000000010000100100000000
frame7,7,32,01100000000100000000010000001010
frame8,8,32,00000000000000010001000100000000
frame9,9,32,01001000000001000000000100001000
frame10,10,32,00000000000100011111000001000000
frame11,11,32,11100000000000010010000000000111
frame12,12,32,01011110000010100101000100010110
frame13,13,32,00010000000011011000001100110001
frame14,14,32,00011000010000011000000001000000
frame15,15,32,00101100100000001000000011000001
frame16,16,32,00000000000001000000011110000100
frame17,17,32,00010000000001010001110011111000
frame18,18,32,00001011010001111111000010001000
frame19,19,32,00000000000001000000000011000000

X2Y3,LUT4AB,2,3
frame0,0,32,00000000000000010010111000110001
frame1,1,32,00000011100010001000011010100000
frame2,2,32,00000001100000110000001000000000
frame3,3,32,01000001000100100000100010000010
frame4,4,32,00000000010000101000000100000000
frame5,5,32,11000000000000000011110000110001
frame6,6,32,01100000000000100001000001000000
frame7,7,32,01111000000011001100010110000010
frame8,8,32,00111100000000001100101010000000
frame9,9,32,10101000000110100000000000110000
frame10,10,32,10110000000000000100000011000001
frame11,11,32,11000000100000100111100000010001
frame12,12,32,10001000000010110001000000010000
frame13,13,32,10010100101010000001010000110110
frame14,14,32,00110000001101001000100101011100
frame15,15,32,00101101100111111001010001100000
frame16,16,32,01001001100111100101010110000100
frame17,17,32,00000011100000011110110011001000
frame18,18,32,00000000001000011000100000010000
frame19,19,32,00000000010000000110101101001000

X3Y3,RegFile,3,3
frame0,0,32,01000000000000000000110011000000
frame1,1,32,00000000000000001001001101110000
frame2,2,32,00001000001011100001111100110000
frame3,3,32,00000110101100111010001100000000
frame4,4,32,01110111011100000000001110110010
frame5,5,32,00000000000000000000000000110000
frame6,6,32,00100000000010000000001100001100
frame7,7,32,00001100000000000000000000000101
frame8,8,32,01011010000101010001011111010100
frame9,9,32,11011110010000000000000000000000
frame10,10,32,00000000000000000100100000000000
frame11,11,32,00100000000000000000000000100000
frame12,12,32,00000000000000000000101100100000
frame13,13,32,00000000000000000000000000000000
frame14,14,32,00000000000000000000000000000000
frame15,15,32,00000000000000000000000000000000
frame16,16,32,00000000000000000000000000000000
frame17,17,32,00000000000000000000000000000000
frame18,18,32,00000000000000000000000000000000
frame19,19,32,00000000000000000000000000000000

X4Y3,LUT4AB,4,3
frame0,0,32,00000000000000101001000100000001
frame1,1,32,00000000010010010010001000100100
frame2,2,32,00000000001000000100000000000000
frame3,3,32,01000010010000101100000000000010
frame4,4,32,10000000011000011100010000100100
frame5,5,32,10000000000011111101100000000100
frame6,6,32,10001110000010010100000110000000
frame7,7,32,00010100000101000101000110000111
frame8,8,32,00000100100000001100011011100110
frame9,9,32,00000000001000000001000000101000
frame10,10,32,00000000000011100000100011101100
frame11,11,32,11000001000111101100000000000000
frame12,12,32,00000010000010110001110000000011
frame13,13,32,00000101001010100100010000000000
frame14,14,32,01001001001100111100000000001000
frame15,15,32,00010100100000101001110011100100
frame16,16,32,00000000000011100100011110000100
frame17,17,32,00000000000010011111100011111000
frame18,18,32,00000010001000111011000010001000
frame19,19,32,00000000000010000100010000000000

X5Y3,LUT4AB,5,3
frame0,0,32,00000000010000000000000110010000
frame1,1,32,00000001001100011011010000101000
frame2,2,32,00000000101000000001101000100000
frame3,3,32,00000001001000100010000101000000
frame4,4,32,00000100001110011110000100000100
frame5,5,32,10000000000000000111000000110001
frame6,6,32,01000000000001111000100000000000
frame7,7,32,00011001000100110111000110000101
frame8,8,32,00010100100000000110011010000000
frame9,9,32,00100000000000011010001000001000
frame10,10,32,00100000100011000101000010111001
frame11,11,32,11100000000110000010010100011101
frame12,12,32,10000001000010100100100101000001
frame13,13,32,10001001000010000101010010000011
frame14,14,32,00101000011101001000100001010000
frame15,15,32,00100000100000100101110010111001
frame16,16,32,01001100000010010000011100000100
frame17,17,32,00010011000111000111010000000010
frame18,18,32,00100011111000111001010010111000
frame19,19,32,00000000000000000100011111000100

X6Y3,LUT4AB,6,3
frame0,0,32,00000000000000000111000011000000
frame1,1,32,00000111000101100000101000000000
frame2,2,32,01010001100011101010111010000000
frame3,3,32,00000010100000001110110000000000
frame4,4,32,10000000000010000110010000000101
frame5,5,32,10101000000100100010010000010001
frame6,6,32,10000000000000100001011110000001
frame7,7,32,00111000000001000100100110000100
frame8,8,32,00100100000000000001000001000000
frame9,9,32,00101000001100001000000110010001
frame10,10,32,10000000000100010010000000110011
frame11,11,32,00000000000000010000000001101101
frame12,12,32,01010010000000101101101000101011
frame13,13,32,10001101001000001100111100010000
frame14,14,32,00101000011001000000000110111100
frame15,15,32,00111000100000001000000010011100
frame16,16,32,00000001101001010000000110100000
frame17,17,32,00000100001001010000000100000000
frame18,18,32,00011110011001001000001010001000
frame19,19,32,00000000000000000100010100100000

X7Y3,DSP_top,7,3
frame0,0,32,11000000000000000000110000000000
frame1,1,32,00000000110011010000000000000000
frame2,2,32,10110001000000000000000000000000
frame3,3,32,10101010000000000000000000000000
frame4,4,32,11110001000011000000000000001010
frame5,5,32,00000000000000000000000000000000
frame6,6,32,00000000000000110000000000110000
frame7,7,32,00110000000000000000000000000000
frame8,8,32,00000000000000000000010001000000
frame9,9,32,00000000000000000000000000000000
frame10,10,32,00000000100000000000000011000011
frame11,11,32,11000000000000000000001011000000
frame12,12,32,00000000000000001011000000000000
frame13,13,32,00000000000000000000000000000000
frame14,14,32,00000000000000000000000000000000
frame15,15,32,00000000000000000000000000000000
frame16,16,32,00000000000000000000000000000000
frame17,17,32,00000000000000000000000000000000
frame18,18,32,00000000000000000000000000000000
frame19,19,32,00000000000000000000000000000000

X8Y3,LUT4AB,8,3
frame0,0,32,00000001000000000000011000010010
frame1,1,32,10110000100001100111001100001000
frame2,2,32,00000001111011100001101100100000
frame3,3,32,00000010100111110110100000000000
frame4,4,32,10000000001100000000000010100001
frame5,5,32,00000000000100001010000010000001
frame6,6,32,11000000000010100000000001000000
frame7,7,32,01100001000000001000000110000010
frame8,8,32,00010100100000010001010000000110
frame9,9,32,00000000001110110000001011001000
frame10,10,32,00110011000011111010001001000001
frame11,11,32,11000000000001001100000001011001
frame12,12,32,10000110001000111000010101001000
frame13,13,32,10001101010001111000000010000010
frame14,14,32,01000000011010010100000000010000
frame15,15,32,01101100100000000000000110001000
frame16,16,32,01011000011100010101000010010100
frame17,17,32,00100100001011000001110100100000
frame18,18,32,00000000000000100111000000010000
frame19,19,32,00000000000000001110011000000000

X9Y3,LUT4AB,9,3
frame0,0,32,00000000000000000000000001011000
frame1,1,32,00001011100000000100000100000100
frame2,2,32,00000001010110010001000100010000
frame3,3,32,00000000000011001111000000010010
frame4,4,32,00000000000010001101001000110000
frame5,5,32,11010000000000000000001000100000
frame6,6,32,00000000000001000000000100100000
frame7,7,32,10010100000100001111000000000000
frame8,8,32,10001100001000000000000010000100
frame9,9,32,00000000001011000000000000010101
frame10,10,32,00110011000000000101010000000110
frame11,11,32,00000000000100000011100100100000
frame12,12,32,00001100001000000000000101000000
frame13,13,32,00010001010000000000000111010001
frame14,14,32,00000000001010000010100010100110
frame15,15,32,00011001100000010100000010100000
frame16,16,32,01101000011100010110000000000000
frame17,17,32,00010100011011000111000100000000
frame18,18,32,00011100100001111111110001101000
frame19,19,32,00000000000001100000001101000000

X10Y3,RAM_IO,10,3
frame0,0,32,00000000001000000000000000000010
frame1,1,32,00000000000000000000000000000000
frame2,2,32,00000000000000000000000000000000
frame3,3,32,00000000000000000000000000000000
frame4,4,32,00000000000000000000000000000000
frame5,5,32,00000000000000000000000011000000
frame6,6,32,00001100000000000000000000000000
frame7,7,32,00000000000000000010000000000000
frame8,8,32,00000000100000100000000100000000
frame9,9,32,00000000000000000000000000000000
frame10,10,32,00000000000000000000000000000000
frame11,11,32,00000000000000000000000000000000
frame12,12,32,00000000000000000000000000000000
frame13,13,32,00000000000000000000000000000000
frame14,14,32,00000000000000000000000000000000
frame15,15,32,00000000000000000000000000000000
frame16,16,32,00000000000000000000000000000000
frame17,17,32,00000000000000000000000000000000
frame18,18,32,00000000000000000000000000000000
frame19,19,32,00000000000000000000000000000000

X0Y2,W_IO,0,2
frame0,0,32,00000000000000000000000000000000
frame1,1,32,00000000000000000000000000000000
frame2,2,32,00010000000000000000001000000000
frame3,3,32,00101000000000000000000000000000
frame4,4,32,00000000000000000000000000000000
frame5,5,32,00000000000000000000000000000000
frame6,6,32,00000000000000000000000000000000
frame7,7,32,00000000000000000000000000000000
frame8,8,32,00000000000000000000000000000000
frame9,9,32,00000000000000000000000000000000
frame10,10,32,00000000000000000000000000000000
frame11,11,32,00000000000000000000000000000000
frame12,12,32,00000000000000000000000000000000
frame13,13,32,00000000000000000000000000000000
frame14,14,32,00000000000000000000000000000000
frame15,15,32,00000000000000000000000000000000
frame16,16,32,00000000000000000000000000000000
frame17,17,32,00000000000000000000000000000000
frame18,18,32,00000000000000000000000000000000
frame19,19,32,00000000000000000000000000000000

X1Y2,LUT4AB,1,2
frame0,0,32,00000000100000000000001100001011
frame1,1,32,00110000000010000100001000000100
frame2,2,32,00001000101100000000000000100000
frame3,3,32,01000010000000101000000100000000
frame4,4,32,00000000000000101000000000000100
frame5,5,32,00000010000000010000000000000001
frame6,6,32,00000000000001000010000000000000
frame7,7,32,01001100000100001010010000001010
frame8,8,32,00101100000000010001011000000100
frame9,9,32,00010000000000000000010100100001
frame10,10,32,10000000000100001010000001000010
frame11,11,32,00000001100100001000000000000000
frame12,12,32,00000100000000000001100000000000
frame13,13,32,00000001001000100000001000001001
frame14,14,32,01100000000001110000000101110000
frame15,15,32,01001001100100110111010001000000
frame16,16,32,00000101101100111111011101000100
frame17,17,32,00000111111101001110110001001000
frame18,18,32,00100000101001100001010010110000
frame19,19,32,00000000010000000000000000000100

X2Y2,LUT4AB,2,2
frame0,0,32,00000000100010000000001000010000
frame1,1,32,00001011000101000000101100000000
frame2,2,32,00000000101000100110001000100000
frame3,3,32,00000000001001000000100010000000
frame4,4,32,00000000011010010000000100001000
frame5,5,32,00000010000001011001000010100001
frame6,6,32,00000000000000011101011000000000
frame7,7,32,00001110000001010000000100000000
frame8,8,32,01001101000001000001001110000010
frame9,9,32,10100100000100101100010011000001
frame10,10,32,00001000001001010011000111000000
frame11,11,32,11001000000000110100100000101101
frame12,12,32,01011000000000010000100000000000
frame13,13,32,10011111000000001100000000000111
frame14,14,32,01101000000000000000100010011010
frame15,15,32,01000100100000000010000001001010
frame16,16,32,00000100000000000001001000110000
frame17,17,32,00000000000000001000000110110010
frame18,18,32,00100000011000010000011010100000
frame19,19,32,00000000001000001100000000110000

X3Y2,RegFile,3,2
frame0,0,32,00110011000000010011000000001000
frame1,1,32,00000000000000111010000000000000
frame2,2,32,11010111000010000000000100000000
frame3,3,32,00000101000001011001001100001011
frame4,4,32,00000000000000111101000000110000
frame5,5,32,00000100000000000000000000000000
frame6,6,32,00000000000100100010000110110000
frame7,7,32,11000100010110000100000000000101
frame8,8,32,01000111011010000000110110110011
frame9,9,32,00010101110000000000000000000000
frame10,10,32,00000000000100000000100000001000
frame11,11,32,00000000000000000001100000100110
frame12,12,32,00000000000000000000000000000000
frame13,13,32,00000000000000000000000000000000
frame14,14,32,00000000000000000000000000000000
frame15,15,32,00000000000000000000000000000000
frame16,16,32,00000000000000000000000000000000
frame17,17,32,00000000000000000000000000000000
frame18,18,32,00000000000000000000000000000000
frame19,19,32,00000000000000000000000000000000

X4Y2,LUT4AB,4,2
frame0,0,32,00000000000000010001001001000000
frame1,1,32,00000010010111010100111100100000
frame2,2,32,00000000101001010000010000000000
frame3,3,32,00000000100110000000000000000000
frame4,4,32,10100100000000011110000011100000
frame5,5,32,10010010000001011001000000000000
frame6,6,32,10001100000000010000010100000001
frame7,7,32,11100000000111110110100100000010
frame8,8,32,01000010000000001110001000000010
frame9,9,32,11001000000100011000000011101000
frame10,10,32,00000011000000100101000100001000
frame11,11,32,11100000000000100000000101000011
frame12,12,32,00001000000000000000000101010101
frame13,13,32,00010000101010100000000110100011
frame14,14,32,00001001000111100010000000100010
frame15,15,32,00000100000110111110000000000100
frame16,16,32,00000101111101100000000000000000
frame17,17,32,00000000010000011000001100000010
frame18,18,32,00111000000000110000010010101000
frame19,19,32,00000000000001100100010000001000

X5Y2,LUT4AB,5,2
frame0,0,32,00000000000000100000010000011000
frame1,1,32,00000001000100011000100000001000
frame2,2,32,00000001100001100010000100000000
frame3,3,32,00001010000011010010100010010010
frame4,4,32,00000000100111101000000000011000
frame5,5,32,10000010000100110100000000000000
frame6,6,32,00000010000011100101000000000000
frame7,7,32,00010110000101001001101000100110
frame8,8,32,10000010000000011001000110000100
frame9,9,32,01010000001010001001100010110000
frame10,10,32,00000000000100110111000010110011
frame11,11,32,00100100000110111101100000001110
frame12,12,32,00000110000010100000110101000100
frame13,13,32,00000101000010110101000110000010
frame14,14,32,00010001011000000000000100101000
frame15,15,32,00011000100000100101110000000100
frame16,16,32,01001001100000011011000011110000
frame17,17,32,00000010000011011111111100000000
frame18,18,32,00000001110001111011000000001000
frame19,19,32,00000000000000100001011010000000

X6Y2,LUT4AB,6,2
frame0,0,32,00000000000000100001010111011000
frame1,1,32,00000010110000000010000000101000
frame2,2,32,00000000000100000001010000100000
frame3,3,32,00000000000001101100100000010000
frame4,4,32,00000000010010001100100010001100
frame5,5,32,10000000000000100111010000000000
frame6,6,32,00001100000001000000100010000000
frame7,7,32,00110100000000010111100000000000
frame8,8,32,00000100100000001001001110000000
frame9,9,32,00000000000000001000010000000001
frame10,10,32,00110000000011000110001111110111
frame11,11,32,00000100100001000010100000100101
frame12,12,32,00000100110010001000000000110000
frame13,13,32,00000000001000000000110001000010
frame14,14,32,01001000000001001100110100001000
frame15,15,32,01000001000000110110000010010100
frame16,16,32,00110101100000001001000000000000
frame17,17,32,00010011010000000010000100001000
frame18,18,32,00100000000000010000001010111000
frame19,19,32,00000000000001100100000100000100

X7Y2,DSP_bot,7,2
frame0,0,32,11000000000000000000000000000000
frame1,1,32,00000010010001110000000000000000
frame2,2,32,00000000000000000000000000000000
frame3,3,32,00000000000001110011000000000011
frame4,4,32,00000000000000000000000000000000
frame5,5,32,00000000000000000000000000000000
frame6,6,32,00000000000000001000000000010000
frame7,7,32,00000000000000000000000000000000
frame8,8,32,00000000000000000000000000000000
frame9,9,32,00000000000000000000000000000000
frame10,10,32,00010000000000000000000000010010
frame11,11,32,10000000000000000000000011000100
frame12,12,32,00000000000000000000000010000000
frame13,13,32,00000000000000000000000000000000
frame14,14,32,00000000000000000000000000000000
frame15,15,32,00000000000000000000000000000000
frame16,16,32,00000000000000000000000000000000
frame17,17,32,00000000000000000000000000000000
frame18,18,32,00000000000000000000000000000000
frame19,19,32,00000000000000000000000000000000

X8Y2,LUT4AB,8,2
frame0,0,32,00000000000000010010001011000000
frame1,1,32,00000001000000000110010000101000
frame2,2,32,00000001111001110001001000100000
frame3,3,32,00000011001100100011011000000000
frame4,4,32,01000000011000000000000010001000
frame5,5,32,10000000000010000001000000000001
frame6,6,32,00000000000011110100000110000000
frame7,7,32,00010001000101100110000100000000
frame8,8,32,00101100010000011000000000000100
frame9,9,32,00000001001000111000000000010101
frame10,10,32,10100000000011010010011010000100
frame11,11,32,11000000000100010000000010110100
frame12,12,32,01010010000000100101001010000000
frame13,13,32,00001010000000010101100001011101
frame14,14,32,00001000001000111110110000100000
frame15,15,32,00101000100000001000010011010000
frame16,16,32,01000000000001100100000000000100
frame17,17,32,00000001010110011010001000011010
frame18,18,32,00001010101000100001111011111000
frame19,19,32,00000000010000000000000000000000

X9Y2,LUT4AB,9,2
frame0,0,32,00000000000100000001101010001010
frame1,1,32,00000010000000101000110000000000
frame2,2,32,00000000101010000000001100000000
frame3,3,32,00000001000000110100110111000000
frame4,4,32,00000000010000000000000100000000
frame5,5,32,10000000000001010001000000000000
frame6,6,32,01000000000000010101000100001001
frame7,7,32,10010001000000001110001000000001
frame8,8,32,10111000000000001110100000001000
frame9,9,32,00000000001011100000000111000100
frame10,10,32,10110000000100000011000000110010
frame11,11,32,00000000000000010100000110000101
frame12,12,32,11010111000000000000010010000010
frame13,13,32,10000011000000000000100000010001
frame14,14,32,00111000011000001000000110000100
frame15,15,32,00001000000000110110000111110000
frame16,16,32,00010000000110010011000000000100
frame17,17,32,00110011000000001101000001011010
frame18,18,32,00000001101000100110011011111000
frame19,19,32,00000000000000010101000100000100

X10Y2,RAM_IO,10,2
frame0,0,32,00000001010000000000000000000000
frame1,1,32,00000000000000000000000000000000
frame2,2,32,00000000000000000000000000000000
frame3,3,32,00000000000000000000000000000000
frame4,4,32,00000000000000000000000000000000
frame5,5,32,00000000110000000000001011000000
frame6,6,32,10001100000000000000000000000010
frame7,7,32,00000000000000000011000000000000
frame8,8,32,00000000000000000000000000000000
frame9,9,32,00000000000000000000000000000000
frame10,10,32,00000000000000000000000000000000
frame11,11,32,00000000000000000000000000000000
frame12,12,32,00000000000000000000000000000000
frame13,13,32,00000000000000000000000000000000
frame14,14,32,00000000000000000000000000000000
frame15,15,32,00000000000000000000000000000000
frame16,16,32,00000000000000000000000000000000
frame17,17,32,00000000000000000000000000000000
frame18,18,32,00000000000000000000000000000000
frame19,19,32,00000000000000000000000000000000

X0Y1,W_IO,0,1
frame0,0,32,00000000000000000000000000000000
frame1,1,32,00000000000000000000000000000000
frame2,2,32,00000000000000000000000000000000
frame3,3,32,00000000000000000000000000000000
frame4,4,32,00000000000000000000000000000000
frame5,5,32,00000000000000000000000000000000
frame6,6,32,00000000000000000000000000000000
frame7,7,32,00000000000000000000000000000000
frame8,8,32,00000000000000000000000000000000
frame9,9,32,00000000000000000000000000000000
frame10,10,32,00000000000000000000000000000000
frame11,11,32,00000000000000000000000000000000
frame12,12,32,00000000000000000000000000000000
frame13,13,32,00000000000000000000000000000000
frame14,14,32,00000000000000000000000000000000
frame15,15,32,00000000000000000000000000000000
frame16,16,32,00000000000000000000000000000000
frame17,17,32,00000000000000000000000000000000
frame18,18,32,00000000000000000000000000000000
frame19,19,32,00000000000000000000000000000000

X1Y1,LUT4AB,1,1
frame0,0,32,00000000000000010000000000000000
frame1,1,32,00000000000000000000010000000000
frame2,2,32,00000000011100011000000000000000
frame3,3,32,00000000000100000000000000000000
frame4,4,32,00000000010000000000000000000000
frame5,5,32,00000000000000000000000000000000
frame6,6,32,00000000000000000000000000000000
frame7,7,32,00000000000000000010000000000000
frame8,8,32,00000000000000000000001000000000
frame9,9,32,00000000000000000000000000000000
frame10,10,32,00000000000000000000000000000000
frame11,11,32,00000000000000000000000000000000
frame12,12,32,00000000000000000000000000000000
frame13,13,32,00000000000000000000000000000000
frame14,14,32,00000000000000000000000000000000
frame15,15,32,00000000000000000000000000000000
frame16,16,32,00000000000000000000000000000000
frame17,17,32,00000000000000000000000000000000
frame18,18,32,00000000000000000000000000000000
frame19,19,32,00000000000000000000000000000000

X2Y1,LUT4AB,2,1
frame0,0,32,00000000000000010000000000000000
frame1,1,32,00000000000000000000010000000000
frame2,2,32,00000000000000100010011000000000
frame3,3,32,01000010000010001100000000000000
frame4,4,32,00000000000000000000000000000000
frame5,5,32,00000000000100000001000000000000
frame6,6,32,00001000000000100000001100000000
frame7,7,32,00000000000000000000000000000100
frame8,8,32,00000000000000000010000000000000
frame9,9,32,00000000010001000010000000000000
frame10,10,32,00100000010000100001000000000001
frame11,11,32,00000001010000110000000000000000
frame12,12,32,00001000000000000000000000000000
frame13,13,32,00010000001000000001000000000001
frame14,14,32,00000000000000011000110000000010
frame15,15,32,00000000000000000010010010000010
frame16,16,32,00000000000000001000000010010100
frame17,17,32,00000000000000000000111100000000
frame18,18,32,00000000000000000000000000011000
frame19,19,32,00000000000010000000000000000000

X3Y1,RegFile,3,1
frame0,0,32,00000000000000000000000000000000
frame1,1,32,00000000000100000000000000000000
frame2,2,32,00011000001000100000000101100001
frame3,3,32,00000000000000000011000000000011
frame4,4,32,00000000000000000000000000000000
frame5,5,32,00000000000000000000000000000000
frame6,6,32,00000000000000000000000000000000
frame7,7,32,00000000000000000000000000000000
frame8,8,32,00000000000000000000000000000000
frame9,9,32,00000000000000000000000000000000
frame10,10,32,00000000000000000000000000000000
frame11,11,32,10000000000000000000000000000000
frame12,12,32,00000000000000000000000000000000
frame13,13,32,00000000000000000000000000000000
frame14,14,32,00000000000000000000000000000000
frame15,15,32,00000000000000000000000000000000
frame16,16,32,00000000000000000000000000000000
frame17,17,32,00000000000000000000000000000000
frame18,18,32,00000000000000000000000000000000
frame19,19,32,00000000000000000000000000000000

X4Y1,LUT4AB,4,1
frame0,0,32,00000000000000000000000100000000
frame1,1,32,00000000000001100001111000000000
frame2,2,32,00000000010001000100000000000000
frame3,3,32,01000010100000000000000000000000
frame4,4,32,00000000010000000000000010000000
frame5,5,32,00000000000000000000000000000000
frame6,6,32,00011000000001000000100000000000
frame7,7,32,00000000000000000000000000000000
frame8,8,32,01100010100000000000000100000000
frame9,9,32,10000100000100001000000000000000
frame10,10,32,10000000000000000000000000000000
frame11,11,32,00000001100000000000000000000000
frame12,12,32,00000000000000000000000000000000
frame13,13,32,00000000000000000000000000001000
frame14,14,32,00000000000000010000000000100000
frame15,15,32,00000000000000000010000000000000
frame16,16,32,00000100000000001101000000000000
frame17,17,32,00000000000000000000000000000000
frame18,18,32,00101010101000000000000000000000
frame19,19,32,00000000000000000000000000000000

X5Y1,LUT4AB,5,1
frame0,0,32,00000000000000000000000100000000
frame1,1,32,00000000011100000100110110100000
frame2,2,32,00000000010010000100000100000000
frame3,3,32,00000000000010000000100100000010
frame4,4,32,11000000000000001010000100000000
frame5,5,32,00000000001000110000100000000000
frame6,6,32,10010000000010000000000000000000
frame7,7,32,00000101010001000000010000000010
frame8,8,32,00000000000001100101001000000010
frame9,9,32,00000000101001000000110011101000
frame10,10,32,00100000001001011011000000001001
frame11,11,32,00000000000000111000000000000000
frame12,12,32,10000010000000110001000000000000
frame13,13,32,10001100100001001101011000000000
frame14,14,32,01000000000110000000000000011000
frame15,15,32,01001000100111100000010001001100
frame16,16,32,00011000010000000000011111000000
frame17,17,32,00100000100000000000001000001000
frame18,18,32,00000000000000000000000010100000
frame19,19,32,00000000000000010000010011000000

X6Y1,LUT4AB,6,1
frame0,0,32,00000000100000010000000100000000
frame1,1,32,00000000100000010010100100001000
frame2,2,32,00000100111001110010100000000000
frame3,3,32,00010011100001010101000000000000
frame4,4,32,00000000010110000011000000000000
frame5,5,32,00000000000000000000000000000000
frame6,6,32,00001000000010100000000010000001
frame7,7,32,01101100000100001000001000000000
frame8,8,32,01100110000000000011000000000000
frame9,9,32,11101100001010001010011100000000
frame10,10,32,10110000000100100111000000001111
frame11,11,32,11000000000011000000000000001001
frame12,12,32,00000110000000110001110011011001
frame13,13,32,00001000100000100001000011000111
frame14,14,32,00101000010000110010110001000100
frame15,15,32,00001101000000011110010000000010
frame16,16,32,00101001000100001000000000110100
frame17,17,32,00000110000000000000001111010000
frame18,18,32,00011110000000001011000000000000
frame19,19,32,00000000000000001110000000000000

X7Y1,DSP_top,7,1
frame0,0,32,00000000000000000000000000000000
frame1,1,32,00000000000100000000000000000000
frame2,2,32,00000000000000000000000000000000
frame3,3,32,00000000000110110001000000000000
frame4,4,32,00000000000000000000000011100000
frame5,5,32,00000000000000000000000000000000
frame6,6,32,00000000000000000000000000000000
frame7,7,32,00000000000000000000000000000000
frame8,8,32,00000000000000000000000000000000
frame9,9,32,00000000000000000000000000000000
frame10,10,32,00000000000000000000000000001000
frame11,11,32,00000000000000000011100000000000
frame12,12,32,00000000000000000000000000000000
frame13,13,32,00000000000000000000000000000000
frame14,14,32,00000000000000000000000000000000
frame15,15,32,00000000000000000000000000000000
frame16,16,32,00000000000000000000000000000000
frame17,17,32,00000000000000000000000000000000
frame18,18,32,00000000000000000000000000000000
frame19,19,32,00000000000000000000000000000000

X8Y1,LUT4AB,8,1
frame0,0,32,00000000000000000000001011000000
frame1,1,32,00000000000000010000110000000000
frame2,2,32,00000000101011110010000000000000
frame3,3,32,00000000000100010000000000000000
frame4,4,32,01000000000010000000000000110001
frame5,5,32,00000001000000000000000000000000
frame6,6,32,00000000000000000000000010000000
frame7,7,32,11100001000100000011000000000001
frame8,8,32,10100000000000000101100010000000
frame9,9,32,00000000000000100000010011000000
frame10,10,32,10000000000011000010000100110000
frame11,11,32,00000000000000000001011000001000
frame12,12,32,00000000000010000100000000011000
frame13,13,32,00000000000000000101010000001010
frame14,14,32,01000010000100000000000011100000
frame15,15,32,01000000000000010000010000100000
frame16,16,32,00000000001100000000000001100000
frame17,17,32,00000110001100000000000000000000
frame18,18,32,00001001100000000000000000000000
frame19,19,32,00000001100001001000000100000000

X9Y1,LUT4AB,9,1
frame0,0,32,00000000000000000000000000000000
frame1,1,32,00000000100000001110011000000000
frame2,2,32,00000000011010000000101000010000
frame3,3,32,00000001000000100001000000000000
frame4,4,32,00000000000010100000000000000000
frame5,5,32,10000000000101000001000000000000
frame6,6,32,00000000000001010100000010001000
frame7,7,32,00011010000000010000000110100000
frame8,8,32,00001001100000001000001010000100
frame9,9,32,00000000000000100000001100000000
frame10,10,32,00000000000001100000000011110001
frame11,11,32,00000100000001110000000000000000
frame12,12,32,01010000000000001100000000000000
frame13,13,32,00000010000000001100010001000000
frame14,14,32,00000000000000100010000111000010
frame15,15,32,00000000000000011000000000010011
frame16,16,32,00000100001000000100000000000000
frame17,17,32,00000110011101000001000000000010
frame18,18,32,00101001100000111100000000000000
frame19,19,32,00000000000010000110000000110000

X10Y1,RAM_IO,10,1
frame0,0,32,00000000000000000100000000000000
frame1,1,32,00000000000000000000000000000000
frame2,2,32,00000000000000000000000000000000
frame3,3,32,00000000000000000000000000000000
frame4,4,32,00000000000000000000000000000000
frame5,5,32,00000000000000000000000000000000
frame6,6,32,10000010000000000000000000000000
frame7,7,32,00000000000000000000000000000000
frame8,8,32,00000000000000000000000000000000
frame9,9,32,00000000000000000000000000000000
frame10,10,32,00000000000000000000000000000000
frame11,11,32,00000000000000000000000000000000
frame12,12,32,00000000000000000000000000000000
frame13,13,32,00000000000000000000000000000000
frame14,14,32,00000000000000000000000000000000
frame15,15,32,00000000000000000000000000000000
frame16,16,32,00000000000000000000000000000000
frame17,17,32,00000000000000000000000000000000
frame18,18,32,00000000000000000000000000000000
frame19,19,32,00000000000000000000000000000000

